experiment,workload,sweep,value,trace,config.cpu.frequency_ghz,config.cpu.issue_width,config.cpu.base_cpi,config.cpu.mshrs,config.l1.size_kb,config.l1.line_size,config.l1.associativity,config.l1.latency_cycles,config.l2.size_kb,config.l2.line_size,config.l2.associativity,config.l2.latency_cycles,config.memory.latency_cycles,config.memory.bandwidth_gbps,instructions,cycles,ipc,cpi,seconds,memory_instructions,dependent_loads,l1.accesses,l1.hits,l1.misses,l1.hit_rate,l1.writebacks,l1.writebacks_in,l2.accesses,l2.hits,l2.misses,l2.hit_rate,l2.writebacks,l2.writebacks_in,memory.reads,memory.writes,memory.bytes_read,memory.bytes_written,memory.queue_delay_cycles,average_memory_latency,average_outstanding_misses,achieved_bandwidth_gbps,bandwidth_utilization,compute_cycles,stall_cycles.l1,stall_cycles.l2,stall_cycles.dram,stall_cycles.bandwidth,stall_cycles.mshr,stall_cycles.total,stall_fraction,bottleneck.name,bottleneck.detail,bottleneck.suggestions,simulator.records,simulator.wall_seconds,simulator.records_per_second,stall_share.l1,stall_share.l2,stall_share.dram,stall_share.bandwidth,stall_share.mshr,stall_share.compute
associativity,sequential,l1.associativity,1,/workspace/traces/sequential.trace,3.5,4,0,16,32,64,1,4,512.0,64.0,8.0,12.0,180,50,4000000,1531404,2.611982207,0.382851,0.000437544,1000000,0,1000000,875000,125000,0.875,0,0,125000.0,0.0,125000.0,0.0,0.0,0.0,125000,0,8000000,0,0,28.0,15.99839102,18.28387545,0.365677509,1000000,0,0,188,0,531216,531404,0.3470044482,Memory-level parallelism,Waiting for a free MSHR costs 34% of cycles: the misses are independent but too few can be in flight at once.,Increase cpu.mshrs; Reduce memory.latency_cycles to shorten MSHR occupancy; Improve locality so fewer misses need to be tracked,2000000,0.06994836,28592521.68,0.0,0.0,0.00012276316373732862,0.0,0.3468816850419615,0.6529955517943011
associativity,sequential,l1.associativity,2,/workspace/traces/sequential.trace,3.5,4,0,16,32,64,2,4,512.0,64.0,8.0,12.0,180,50,4000000,1531404,2.611982207,0.382851,0.000437544,1000000,0,1000000,875000,125000,0.875,0,0,125000.0,0.0,125000.0,0.0,0.0,0.0,125000,0,8000000,0,0,28.0,15.99839102,18.28387545,0.365677509,1000000,0,0,188,0,531216,531404,0.3470044482,Memory-level parallelism,Waiting for a free MSHR costs 34% of cycles: the misses are independent but too few can be in flight at once.,Increase cpu.mshrs; Reduce memory.latency_cycles to shorten MSHR occupancy; Improve locality so fewer misses need to be tracked,2000000,0.042375195,47197422.93,0.0,0.0,0.00012276316373732862,0.0,0.3468816850419615,0.6529955517943011
associativity,sequential,l1.associativity,4,/workspace/traces/sequential.trace,3.5,4,0,16,32,64,4,4,512.0,64.0,8.0,12.0,180,50,4000000,1531404,2.611982207,0.382851,0.000437544,1000000,0,1000000,875000,125000,0.875,0,0,125000.0,0.0,125000.0,0.0,0.0,0.0,125000,0,8000000,0,0,28.0,15.99839102,18.28387545,0.365677509,1000000,0,0,188,0,531216,531404,0.3470044482,Memory-level parallelism,Waiting for a free MSHR costs 34% of cycles: the misses are independent but too few can be in flight at once.,Increase cpu.mshrs; Reduce memory.latency_cycles to shorten MSHR occupancy; Improve locality so fewer misses need to be tracked,2000000,0.042900492,46619511.96,0.0,0.0,0.00012276316373732862,0.0,0.3468816850419615,0.6529955517943011
associativity,sequential,l1.associativity,8,/workspace/traces/sequential.trace,3.5,4,0,16,32,64,8,4,512.0,64.0,8.0,12.0,180,50,4000000,1531404,2.611982207,0.382851,0.000437544,1000000,0,1000000,875000,125000,0.875,0,0,125000.0,0.0,125000.0,0.0,0.0,0.0,125000,0,8000000,0,0,28.0,15.99839102,18.28387545,0.365677509,1000000,0,0,188,0,531216,531404,0.3470044482,Memory-level parallelism,Waiting for a free MSHR costs 34% of cycles: the misses are independent but too few can be in flight at once.,Increase cpu.mshrs; Reduce memory.latency_cycles to shorten MSHR occupancy; Improve locality so fewer misses need to be tracked,2000000,0.045522298,43934513.15,0.0,0.0,0.00012276316373732862,0.0,0.3468816850419615,0.6529955517943011
associativity,sequential,l1.associativity,16,/workspace/traces/sequential.trace,3.5,4,0,16,32,64,16,4,512.0,64.0,8.0,12.0,180,50,4000000,1531404,2.611982207,0.382851,0.000437544,1000000,0,1000000,875000,125000,0.875,0,0,125000.0,0.0,125000.0,0.0,0.0,0.0,125000,0,8000000,0,0,28.0,15.99839102,18.28387545,0.365677509,1000000,0,0,188,0,531216,531404,0.3470044482,Memory-level parallelism,Waiting for a free MSHR costs 34% of cycles: the misses are independent but too few can be in flight at once.,Increase cpu.mshrs; Reduce memory.latency_cycles to shorten MSHR occupancy; Improve locality so fewer misses need to be tracked,2000000,0.049356094,40521845.18,0.0,0.0,0.00012276316373732862,0.0,0.3468816850419615,0.6529955517943011
associativity,sequential,l1.associativity,32,/workspace/traces/sequential.trace,3.5,4,0,16,32,64,32,4,512.0,64.0,8.0,12.0,180,50,4000000,1531404,2.611982207,0.382851,0.000437544,1000000,0,1000000,875000,125000,0.875,0,0,125000.0,0.0,125000.0,0.0,0.0,0.0,125000,0,8000000,0,0,28.0,15.99839102,18.28387545,0.365677509,1000000,0,0,188,0,531216,531404,0.3470044482,Memory-level parallelism,Waiting for a free MSHR costs 34% of cycles: the misses are independent but too few can be in flight at once.,Increase cpu.mshrs; Reduce memory.latency_cycles to shorten MSHR occupancy; Improve locality so fewer misses need to be tracked,2000000,0.054933142,36407893.8,0.0,0.0,0.00012276316373732862,0.0,0.3468816850419615,0.6529955517943011
associativity,random_access,l1.associativity,1,/workspace/traces/random_access.trace,3.5,4,0,16,32,64,1,4,512.0,64.0,8.0,12.0,180,50,10000000,11547952,0.8659544134,1.1547952,0.003299414857,1000000,0,1000000,4041,995959,0.004041,0,0,995959.0,61050.0,934909.0,0.06129770402,0.0,0.0,934909,0,59834176,0,409026,184.644154,15.98794228,18.13478407,0.3626956815,2500000,0,0,193,3634,9044125,9047952,0.7835113967,Memory-level parallelism,Waiting for a free MSHR costs 78% of cycles: the misses are independent but too few can be in flight at once.,Increase cpu.mshrs; Reduce memory.latency_cycles to shorten MSHR occupancy; Improve locality so fewer misses need to be tracked,2000000,0.111117727,17998928.29,0.0,0.0,1.6712920178400465e-05,0.00031468783382542637,0.7831799958988399,0.21648860334715628
associativity,random_access,l1.associativity,2,/workspace/traces/random_access.trace,3.5,4,0,16,32,64,2,4,512.0,64.0,8.0,12.0,180,50,10000000,11547612,0.86597991,1.1547612,0.003299317714,1000000,0,1000000,4094,995906,0.004094,0,0,995906.0,60998.0,934908.0,0.06124875239,0.0,0.0,934908,0,59834112,0,405234,184.639546,15.98799561,18.13529862,0.3627059725,2500000,0,0,195,3466,9043951,9047612,0.7835050225,Memory-level parallelism,Waiting for a free MSHR costs 78% of cycles: the misses are independent but too few can be in flight at once.,Increase cpu.mshrs; Reduce memory.latency_cycles to shorten MSHR occupancy; Improve locality so fewer misses need to be tracked,2000000,0.13841103,14449715.46,0.0,0.0,1.688660824419802e-05,0.00030014863679174534,0.7831879872652459,0.21649497748971822
associativity,random_access,l1.associativity,4,/workspace/traces/random_access.trace,3.5,4,0,16,32,64,4,4,512.0,64.0,8.0,12.0,180,50,10000000,11547663,0.8659760854,1.1547663,0.003299332286,1000000,0,1000000,4104,995896,0.004104,0,0,995896.0,60990.0,934906.0,0.06124133444,0.0,0.0,934906,0,59833984,0,406895,184.640727,15.98802381,18.13517973,0.3627035947,2500000,0,0,193,3652,9043818,9047663,0.7835059787,Memory-level parallelism,Waiting for a free MSHR costs 78% of cycles: the misses are independent but too few can be in flight at once.,Increase cpu.mshrs; Reduce memory.latency_cycles to shorten MSHR occupancy; Improve locality so fewer misses need to be tracked,2000000,0.12494621,16006888.08,0.0,0.0,1.6713338447788093e-05,0.0003162544663799073,0.783173010850767,0.21649402134440535
associativity,random_access,l1.associativity,8,/workspace/traces/random_access.trace,3.5,4,0,16,32,64,8,4,512.0,64.0,8.0,12.0,180,50,10000000,11547938,0.8659554632,1.1547938,0.003299410857,1000000,0,1000000,4075,995925,0.004075,0,0,995925.0,61021.0,934904.0,0.06127067801,0.0,0.0,934904,0,59833856,0,409279,184.643099,15.98785853,18.13470907,0.3626941814,2500000,0,0,195,3443,9044300,9047938,0.7835111342,Memory-level parallelism,Waiting for a free MSHR costs 78% of cycles: the misses are independent but too few can be in flight at once.,Increase cpu.mshrs; Reduce memory.latency_cycles to shorten MSHR occupancy; Improve locality so fewer misses need to be tracked,2000000,0.132215469,15126823.02,0.0,0.0,1.6886131532746365e-05,0.00029814846598587557,0.7831960995980408,0.21648886580444057
associativity,random_access,l1.associativity,16,/workspace/traces/random_access.trace,3.5,4,0,16,32,64,16,4,512.0,64.0,8.0,12.0,180,50,10000000,11547897,0.8659585377,1.1547897,0.003299399143,1000000,0,1000000,4073,995927,0.004073,0,0,995927.0,61025.0,934902.0,0.06127457133,0.0,0.0,934902,0,59833728,0,409307,184.642791,15.98788931,18.13473466,0.3626946932,2500000,0,0,193,3667,9044037,9047897,0.7835103656,Memory-level parallelism,Waiting for a free MSHR costs 78% of cycles: the misses are independent but too few can be in flight at once.,Increase cpu.mshrs; Reduce memory.latency_cycles to shorten MSHR occupancy; Improve locality so fewer misses need to be tracked,2000000,0.145982223,13700298.29,0.0,0.0,1.671299977822802e-05,0.00031754699578633234,0.78317610557143,0.21648963443300542
associativity,random_access,l1.associativity,32,/workspace/traces/random_access.trace,3.5,4,0,16,32,64,32,4,512.0,64.0,8.0,12.0,180,50,10000000,11547916,0.865957113,1.1547916,0.003299404571,1000000,0,1000000,4066,995934,0.004066,0,0,995934.0,61028.0,934906.0,0.0612771529,0.0,0.0,934906,0,59833984,0,408876,184.643164,15.98789773,18.13478241,0.3626956483,2500000,0,0,192,3669,9044055,9047916,0.7835107218,Memory-level parallelism,Waiting for a free MSHR costs 78% of cycles: the misses are independent but too few can be in flight at once.,Increase cpu.mshrs; Reduce memory.latency_cycles to shorten MSHR occupancy; Improve locality so fewer misses need to be tracked,2000000,0.169162458,11822954.24,0.0,0.0,1.6626376568724607e-05,0.0003177196647429718,0.7831763757200867,0.21648927823860167
associativity,pointer_chase,l1.associativity,1,/workspace/traces/pointer_chase.trace,3.5,4,0,16,32,64,1,4,512.0,64.0,8.0,12.0,180,50,3000000,186300496,0.01610301671,62.10016533,0.05322871314,1000000,1000000,1000000,3597,996403,0.003597,0,0,996403.0,54216.0,942187.0,0.05441171895,0.0,0.0,942187,0,60299968,0,0,185.550496,0.9958970158,1.132846624,0.02265693249,750000,14388,867456,184668652,0,0,185550496,0.9959742458,DRAM latency,"Waiting for DRAM costs 99% of cycles and the bus is not saturated, so the exposed latency is the problem.",Increase l2.size_kb to keep the working set on chip; Reduce memory.latency_cycles; Increase cpu.mshrs if the misses are independent,2000000,0.103883196,19252391.89,7.723006813680195e-05,0.004656219487467172,0.9912407962671232,0.0,0.0,0.0040257541772728295
associativity,pointer_chase,l1.associativity,2,/workspace/traces/pointer_chase.trace,3.5,4,0,16,32,64,2,4,512.0,64.0,8.0,12.0,180,50,3000000,186300436,0.0161030219,62.10014533,0.053228696,1000000,1000000,1000000,3632,996368,0.003632,0,0,996368.0,54179.0,942189.0,0.05437649543,0.0,0.0,942189,0,60300096,0,0,185.550436,0.995896263,1.132849394,0.02265698788,750000,14528,866864,184669044,0,0,185550436,0.9959742445,DRAM latency,"Waiting for DRAM costs 99% of cycles and the bus is not saturated, so the exposed latency is the problem.",Increase l2.size_kb to keep the working set on chip; Reduce memory.latency_cycles; Increase cpu.mshrs if the misses are independent,2000000,0.1364263,14659929.94,7.798156736466253e-05,0.004653043324063933,0.9912432196347625,0.0,0.0,0.004025755473808982
associativity,pointer_chase,l1.associativity,4,/workspace/traces/pointer_chase.trace,3.5,4,0,16,32,64,4,4,512.0,64.0,8.0,12.0,180,50,3000000,186300256,0.01610303745,62.10008533,0.05322864457,1000000,1000000,1000000,3632,996368,0.003632,0,0,996368.0,54180.0,942188.0,0.05437749908,0.0,0.0,942188,0,60300032,0,0,185.550256,0.995896259,1.132849286,0.02265698572,750000,14528,866880,184668848,0,0,185550256,0.9959742406,DRAM latency,"Waiting for DRAM costs 99% of cycles and the bus is not saturated, so the exposed latency is the problem.",Increase l2.size_kb to keep the working set on chip; Reduce memory.latency_cycles; Increase cpu.mshrs if the misses are independent,2000000,0.117425316,17032102.34,7.798164270906853e-05,0.004653133702618208,0.9912431252912502,0.0,0.0,0.004025759363422453
associativity,pointer_chase,l1.associativity,8,/workspace/traces/pointer_chase.trace,3.5,4,0,16,32,64,8,4,512.0,64.0,8.0,12.0,180,50,3000000,186299824,0.01610307479,62.09994133,0.05322852114,1000000,1000000,1000000,3638,996362,0.003638,0,0,996362.0,54176.0,942186.0,0.05437381193,0.0,0.0,942186,0,60299904,0,0,185.549824,0.9958961207,1.132849508,0.02265699016,750000,14552,866816,184668456,0,0,185549824,0.9959742313,DRAM latency,"Waiting for DRAM costs 99% of cycles and the bus is not saturated, so the exposed latency is the problem.",Increase l2.size_kb to keep the working set on chip; Reduce memory.latency_cycles; Increase cpu.mshrs if the misses are independent,2000000,0.126581007,15800158.71,7.811064813458976e-05,0.00465280096024138,0.9912433196930985,0.0,0.0,0.004025768698525448
associativity,pointer_chase,l1.associativity,16,/workspace/traces/pointer_chase.trace,3.5,4,0,16,32,64,16,4,512.0,64.0,8.0,12.0,180,50,3000000,186299896,0.01610306857,62.09996533,0.05322854171,1000000,1000000,1000000,3632,996368,0.003632,0,0,996368.0,54182.0,942186.0,0.05437950637,0.0,0.0,942186,0,60299904,0,0,185.549896,0.9958962511,1.13284907,0.02265698141,750000,14528,866912,184668456,0,0,185549896,0.9959742329,DRAM latency,"Waiting for DRAM costs 99% of cycles and the bus is not saturated, so the exposed latency is the problem.",Increase l2.size_kb to keep the working set on chip; Reduce memory.latency_cycles; Increase cpu.mshrs if the misses are independent,2000000,0.139083434,14379857.78,7.79817933983173e-05,0.004653314460250692,0.991242936603679,0.0,0.0,0.004025767142671942
associativity,pointer_chase,l1.associativity,32,/workspace/traces/pointer_chase.trace,3.5,4,0,16,32,64,32,4,512.0,64.0,8.0,12.0,180,50,3000000,186300112,0.0161030499,62.10003733,0.05322860343,1000000,1000000,1000000,3614,996386,0.003614,0,0,996386.0,54200.0,942186.0,0.05439658927,0.0,0.0,942186,0,60299904,0,0,185.550112,0.9958966423,1.132847757,0.02265695514,750000,14456,867200,184668456,0,0,185550112,0.9959742375,DRAM latency,"Waiting for DRAM costs 99% of cycles and the bus is not saturated, so the exposed latency is the problem.",Increase l2.size_kb to keep the working set on chip; Reduce memory.latency_cycles; Increase cpu.mshrs if the misses are independent,2000000,0.16285837,12280609.22,7.759522978708676e-05,0.004654854957897181,0.9912417873371971,0.0,0.0,0.004025762475118641
associativity,strided,l1.associativity,1,/workspace/traces/strided.trace,3.5,4,0,16,32,64,1,4,512.0,64.0,8.0,12.0,180,50,6999888,1750150,3.999593178,0.250025429,0.0005000428571,999984,0,999984,333370,666614,0.333375334,0,0,666614.0,666590.0,24.0,0.9999639972,0.0,0.0,24,0,1536,0,259,12.00407507,6.096850556,0.003071736708,6.143473417e-05,1749972,0,14,0,0,164,178,0.0001017055681,Compute,Memory stalls account for only 0% of cycles; the machine is limited by instruction issue.,Increase cpu.issue_width; Reduce the instruction count (vectorise the inner loop),1999968,0.059012691,33890472.81,0.0,7.999314344484759e-06,0.0,0.0,9.37062537496786e-05,0.9998982944319058
associativity,strided,l1.associativity,2,/workspace/traces/strided.trace,3.5,4,0,16,32,64,2,4,512.0,64.0,8.0,12.0,180,50,6999888,1750150,3.999593178,0.250025429,0.0005000428571,999984,0,999984,333294,666690,0.3332993328,0,0,666690.0,666666.0,24.0,0.9999640013,0.0,0.0,24,0,1536,0,257,12.00498508,6.09754421,0.003071736708,6.143473417e-05,1749972,0,12,0,0,166,178,0.0001017055681,Compute,Memory stalls account for only 0% of cycles; the machine is limited by instruction issue.,Increase cpu.issue_width; Reduce the instruction count (vectorise the inner loop),1999968,0.067977692,29420945.92,0.0,6.8565551524155074e-06,0.0,0.0,9.484901294174785e-05,0.9998982944319058
associativity,strided,l1.associativity,4,/workspace/traces/strided.trace,3.5,4,0,16,32,64,4,4,512.0,64.0,8.0,12.0,180,50,6999888,1750150,3.999593178,0.250025429,0.0005000428571,999984,0,999984,332644,667340,0.3326493224,0,0,667340.0,667316.0,24.0,0.9999640363,0.0,0.0,24,0,1536,0,269,12.0127972,6.103493415,0.003071736708,6.143473417e-05,1749972,0,12,0,0,166,178,0.0001017055681,Compute,Memory stalls account for only 0% of cycles; the machine is limited by instruction issue.,Increase cpu.issue_width; Reduce the instruction count (vectorise the inner loop),1999968,0.085280091,23451757.34,0.0,6.8565551524155074e-06,0.0,0.0,9.484901294174785e-05,0.9998982944319058
associativity,strided,l1.associativity,8,/workspace/traces/strided.trace,3.5,4,0,16,32,64,8,4,512.0,64.0,8.0,12.0,180,50,6999888,1750150,3.999593178,0.250025429,0.0005000428571,999984,0,999984,332333,667651,0.3323383174,0,0,667651.0,667627.0,24.0,0.9999640531,0.0,0.0,24,0,1536,0,269,12.01652926,6.1063366,0.003071736708,6.143473417e-05,1749972,0,14,0,0,164,178,0.0001017055681,Compute,Memory stalls account for only 0% of cycles; the machine is limited by instruction issue.,Increase cpu.issue_width; Reduce the instruction count (vectorise the inner loop),1999968,0.078148205,25591988.97,0.0,7.999314344484759e-06,0.0,0.0,9.37062537496786e-05,0.9998982944319058
associativity,strided,l1.associativity,16,/workspace/traces/strided.trace,3.5,4,0,16,32,64,16,4,512.0,64.0,8.0,12.0,180,50,6999888,1750123,3.999654881,0.2500215718,0.0005000351429,999984,0,999984,666180,333804,0.6661906591,0,0,333804.0,333780.0,24.0,0.9999281015,0.0,0.0,24,0,1536,0,298,8.010330165,3.054346466,0.003071784097,6.143568195e-05,1749972,0,7,0,0,144,151,8.627965006e-05,Compute,Memory stalls account for only 0% of cycles; the machine is limited by instruction issue.,Increase cpu.issue_width; Reduce the instruction count (vectorise the inner loop),1999968,0.069553743,28754282.86,0.0,3.999718876901795e-06,0.0,0.0,8.227993118197978e-05,0.9999137203499411
associativity,strided,l1.associativity,32,/workspace/traces/strided.trace,3.5,4,0,16,32,64,32,4,512.0,64.0,8.0,12.0,180,50,6999888,1750116,3.999670879,0.2500205718,0.0005000331429,999984,0,999984,999960,24,0.9999759996,0,0,24.0,0.0,24.0,0.0,0.0,0.0,24,0,1536,0,298,4.004906078,0.002858096263,0.003071796384,6.143592768e-05,1749972,0,0,0,0,144,144,8.228026028e-05,Compute,Memory stalls account for only 0% of cycles; the machine is limited by instruction issue.,Increase cpu.issue_width; Reduce the instruction count (vectorise the inner loop),1999968,0.053680276,37257036.46,0.0,0.0,0.0,0.0,8.228026027989001e-05,0.9999177197397201
associativity,matrix_naive,l1.associativity,1,/workspace/traces/matrix_naive.trace,3.5,4,0,16,32,64,1,4,512.0,64.0,8.0,12.0,180,50,35463168,8965359,3.955577016,0.2528076172,0.002561531143,14229504,0,14229504,6973584,7255920,0.4900792044,36863,0,7255920.0,7242096.0,13824.0,0.9980947971,2896.0,36863.0,13824,2896,884736,185344,79918,10.29536047,13.22908954,0.4177501425,0.00835500285,8865792,0,16,0,235,99316,99567,0.01110574602,Compute,Memory stalls account for only 1% of cycles; the machine is limited by instruction issue.,Increase cpu.issue_width; Reduce the instruction count (vectorise the inner loop),21307392,0.75889881,28076723.43,0.0,1.7846468836328807e-06,0.0,2.6212001103357937e-05,0.011077749368430199,0.9888942539835828
associativity,matrix_naive,l1.associativity,2,/workspace/traces/matrix_naive.trace,3.5,4,0,16,32,64,2,4,512.0,64.0,8.0,12.0,180,50,35463168,8964428,3.955987822,0.2527813646,0.002561265143,14229504,0,14229504,6987774,7241730,0.4910764282,36856,0,7241730.0,7227906.0,13824.0,0.9980910639,2896.0,36856.0,13824,2896,884736,185344,80056,10.28340201,13.20514973,0.4177935279,0.008355870559,8865792,0,16,0,223,98397,98636,0.01100304448,Compute,Memory stalls account for only 1% of cycles; the machine is limited by instruction issue.,Increase cpu.issue_width; Reduce the instruction count (vectorise the inner loop),21307392,0.836169896,25482132.4,0.0,1.7848322280016082e-06,0.0,2.4876099177772413e-05,0.01097638354616714,0.9889969555224271
associativity,matrix_naive,l1.associativity,4,/workspace/traces/matrix_naive.trace,3.5,4,0,16,32,64,4,4,512.0,64.0,8.0,12.0,180,50,35463168,8964368,3.9560143,0.2527796727,0.002561248,14229504,0,14229504,6989688,7239816,0.4912109375,36856,0,7239816.0,7225992.0,13824.0,0.9980905592,2896.0,36856.0,13824,2896,884736,185344,80032,10.28178621,13.20181925,0.4177963243,0.008355926486,8865792,0,16,0,215,98345,98576,0.01099642496,Compute,Memory stalls account for only 1% of cycles; the machine is limited by instruction issue.,Increase cpu.issue_width; Reduce the instruction count (vectorise the inner loop),21307392,0.938917963,22693560.93,0.0,1.7848441741793732e-06,0.0,2.3983843590535328e-05,0.010970656269354404,0.9890035750428808
associativity,matrix_naive,l1.associativity,8,/workspace/traces/matrix_naive.trace,3.5,4,0,16,32,64,8,4,512.0,64.0,8.0,12.0,180,50,35463168,8964365,3.956015624,0.2527795881,0.002561247143,14229504,0,14229504,6990648,7238856,0.491278403,36856,0,7238856.0,7225032.0,13824.0,0.998090306,2896.0,36856.0,13824,2896,884736,185344,80086,10.28098042,13.20011624,0.4177964641,0.008355929282,8865792,0,16,0,219,98338,98573,0.01099609398,Compute,Memory stalls account for only 1% of cycles; the machine is limited by instruction issue.,Increase cpu.issue_width; Reduce the instruction count (vectorise the inner loop),21307392,0.994449597,21426316.69,0.0,1.7848447714924594e-06,0.0,2.4430062809803038e-05,0.010969879071189091,0.9890039060212296
associativity,matrix_naive,l1.associativity,16,/workspace/traces/matrix_naive.trace,3.5,4,0,16,32,64,16,4,512.0,64.0,8.0,12.0,180,50,35463168,8964363,3.956016507,0.2527795317,0.002561246571,14229504,0,14229504,6991056,7238448,0.4913070758,36856,0,7238448.0,7224624.0,13824.0,0.9980901983,2896.0,36856.0,13824,2896,884736,185344,80105,10.28063768,13.19939309,0.4177965573,0.008355931146,8865792,0,16,0,221,98334,98571,0.01099587333,Compute,Memory stalls account for only 1% of cycles; the machine is limited by instruction issue.,Increase cpu.issue_width; Reduce the instruction count (vectorise the inner loop),21307392,1.093637913,19483040.73,0.0,1.7848451697014054e-06,0.0,2.4653173906500663e-05,0.010969435307338625,0.9890041266735852
associativity,matrix_naive,l1.associativity,32,/workspace/traces/matrix_naive.trace,3.5,4,0,16,32,64,32,4,512.0,64.0,8.0,12.0,180,50,35463168,8964363,3.956016507,0.2527795317,0.002561246571,14229504,0,14229504,6991104,7238400,0.4913104491,36856,0,7238400.0,7224576.0,13824.0,0.9980901857,2896.0,36856.0,13824,2896,884736,185344,80105,10.2805972,13.19930741,0.4177965573,0.008355931146,8865792,0,16,0,221,98334,98571,0.01099587333,Compute,Memory stalls account for only 1% of cycles; the machine is limited by instruction issue.,Increase cpu.issue_width; Reduce the instruction count (vectorise the inner loop),21307392,1.285731053,16572199.88,0.0,1.7848451697014054e-06,0.0,2.4653173906500663e-05,0.010969435307338625,0.9890041266735852
associativity,matrix_blocked,l1.associativity,1,/workspace/traces/matrix_blocked.trace,3.5,4,0,16,32,64,1,4,512.0,64.0,8.0,12.0,180,50,35831808,9018955,3.972944537,0.2517024818,0.002576844286,14598144,0,14598144,14142396,455748,0.9687804148,140348,0,455748.0,439784.0,15964.0,0.9649718704,2984.0,140348.0,15964,2984,1021696,190976,196366,4.579491681,1.140098271,0.4706035234,0.009412070467,8957952,0,16,0,680,60307,61003,0.006763865658,Compute,Memory stalls account for only 0% of cycles; the machine is limited by instruction issue.,Increase cpu.issue_width; Reduce the instruction count (vectorise the inner loop),21676032,0.483237161,44855888.06,0.0,1.7740414493696886e-06,0.0,7.539676159821176e-05,0.006686694855446113,0.9932361343415063
associativity,matrix_blocked,l1.associativity,2,/workspace/traces/matrix_blocked.trace,3.5,4,0,16,32,64,2,4,512.0,64.0,8.0,12.0,180,50,35831808,9011721,3.976133748,0.2515005941,0.002574777429,14598144,0,14598144,14408988,189156,0.9870424624,59329,0,189156.0,173192.0,15964.0,0.9156040517,2984.0,59329.0,15964,2984,1021696,190976,199667,4.360400884,0.6677756668,0.470981292,0.009419625841,8957952,0,16,0,658,53095,53769,0.00596656288,Compute,Memory stalls account for only 0% of cycles; the machine is limited by instruction issue.,Increase cpu.issue_width; Reduce the instruction count (vectorise the inner loop),21676032,0.484710685,44719525.83,0.0,1.775465529836088e-06,0.0,7.301601991450912e-05,0.005891771394165443,0.9940334371203902
associativity,matrix_blocked,l1.associativity,4,/workspace/traces/matrix_blocked.trace,3.5,4,0,16,32,64,4,4,512.0,64.0,8.0,12.0,180,50,35831808,9008983,3.977342171,0.2514241816,0.002573995143,14598144,0,14598144,14515740,82404,0.9943551728,27044,0,82404.0,66396.0,16008.0,0.8057375856,2984.0,27044.0,16008,2984,1024512,190976,200647,4.273249257,0.4793602119,0.4722184513,0.009444369026,8957952,0,0,0,653,50378,51031,0.005664457353,Compute,Memory stalls account for only 0% of cycles; the machine is limited by instruction issue.,Increase cpu.issue_width; Reduce the instruction count (vectorise the inner loop),21676032,0.491883905,44067373.99,0.0,0.0,0.0,7.248320925902514e-05,0.005591974144029354,0.9943355426467116
associativity,matrix_blocked,l1.associativity,8,/workspace/traces/matrix_blocked.trace,3.5,4,0,16,32,64,8,4,512.0,64.0,8.0,12.0,180,50,35831808,9008983,3.977342171,0.2514241816,0.002573995143,14598144,0,14598144,14515740,82404,0.9943551728,27044,0,82404.0,66396.0,16008.0,0.8057375856,2984.0,27044.0,16008,2984,1024512,190976,200647,4.273249257,0.4793602119,0.4722184513,0.009444369026,8957952,0,0,0,653,50378,51031,0.005664457353,Compute,Memory stalls account for only 0% of cycles; the machine is limited by instruction issue.,Increase cpu.issue_width; Reduce the instruction count (vectorise the inner loop),21676032,0.528333906,41027145.44,0.0,0.0,0.0,7.248320925902514e-05,0.005591974144029354,0.9943355426467116
associativity,matrix_blocked,l1.associativity,16,/workspace/traces/matrix_blocked.trace,3.5,4,0,16,32,64,16,4,512.0,64.0,8.0,12.0,180,50,35831808,9008983,3.977342171,0.2514241816,0.002573995143,14598144,0,14598144,14515740,82404,0.9943551728,27044,0,82404.0,66396.0,16008.0,0.8057375856,2984.0,27044.0,16008,2984,1024512,190976,200647,4.273249257,0.4793602119,0.4722184513,0.009444369026,8957952,0,0,0,653,50378,51031,0.005664457353,Compute,Memory stalls account for only 0% of cycles; the machine is limited by instruction issue.,Increase cpu.issue_width; Reduce the instruction count (vectorise the inner loop),21676032,0.571829945,37906430.38,0.0,0.0,0.0,7.248320925902514e-05,0.005591974144029354,0.9943355426467116
associativity,matrix_blocked,l1.associativity,32,/workspace/traces/matrix_blocked.trace,3.5,4,0,16,32,64,32,4,512.0,64.0,8.0,12.0,180,50,35831808,9008983,3.977342171,0.2514241816,0.002573995143,14598144,0,14598144,14515632,82512,0.9943477746,27152,0,82512.0,66504.0,16008.0,0.8059918557,2984.0,27152.0,16008,2984,1024512,190976,200647,4.273338035,0.4795520205,0.4722184513,0.009444369026,8957952,0,0,0,653,50378,51031,0.005664457353,Compute,Memory stalls account for only 0% of cycles; the machine is limited by instruction issue.,Increase cpu.issue_width; Reduce the instruction count (vectorise the inner loop),21676032,0.630981269,34352892.97,0.0,0.0,0.0,7.248320925902514e-05,0.005591974144029354,0.9943355426467116
associativity_l1_only,sequential,l1.associativity,1,/workspace/traces/sequential.trace,3.5,4,0,16,32,64,1,4,,,,,180,50,4000000,1437648,2.782322237,0.359412,0.0004107565714,1000000,0,1000000,875000,125000,0.875,0,0,,,,,,,125000,0,8000000,0,0,26.5,15.99835287,19.47625566,0.3895251132,1000000,0,0,176,0,437472,437648,0.3044194406,Memory-level parallelism,Waiting for a free MSHR costs 30% of cycles: the misses are independent but too few can be in flight at once.,Increase cpu.mshrs; Reduce memory.latency_cycles to shorten MSHR occupancy; Improve locality so fewer misses need to be tracked,2000000,0.038718563,51654809.61,0.0,0.0,0.00012242217844701903,0.0,0.3042970184634904,0.6955805593580626
associativity_l1_only,sequential,l1.associativity,2,/workspace/traces/sequential.trace,3.5,4,0,16,32,64,2,4,,,,,180,50,4000000,1437648,2.782322237,0.359412,0.0004107565714,1000000,0,1000000,875000,125000,0.875,0,0,,,,,,,125000,0,8000000,0,0,26.5,15.99835287,19.47625566,0.3895251132,1000000,0,0,176,0,437472,437648,0.3044194406,Memory-level parallelism,Waiting for a free MSHR costs 30% of cycles: the misses are independent but too few can be in flight at once.,Increase cpu.mshrs; Reduce memory.latency_cycles to shorten MSHR occupancy; Improve locality so fewer misses need to be tracked,2000000,0.038947049,51351772.51,0.0,0.0,0.00012242217844701903,0.0,0.3042970184634904,0.6955805593580626
associativity_l1_only,sequential,l1.associativity,4,/workspace/traces/sequential.trace,3.5,4,0,16,32,64,4,4,,,,,180,50,4000000,1437648,2.782322237,0.359412,0.0004107565714,1000000,0,1000000,875000,125000,0.875,0,0,,,,,,,125000,0,8000000,0,0,26.5,15.99835287,19.47625566,0.3895251132,1000000,0,0,176,0,437472,437648,0.3044194406,Memory-level parallelism,Waiting for a free MSHR costs 30% of cycles: the misses are independent but too few can be in flight at once.,Increase cpu.mshrs; Reduce memory.latency_cycles to shorten MSHR occupancy; Improve locality so fewer misses need to be tracked,2000000,0.040423075,49476691.22,0.0,0.0,0.00012242217844701903,0.0,0.3042970184634904,0.6955805593580626
associativity_l1_only,sequential,l1.associativity,8,/workspace/traces/sequential.trace,3.5,4,0,16,32,64,8,4,,,,,180,50,4000000,1437648,2.782322237,0.359412,0.0004107565714,1000000,0,1000000,875000,125000,0.875,0,0,,,,,,,125000,0,8000000,0,0,26.5,15.99835287,19.47625566,0.3895251132,1000000,0,0,176,0,437472,437648,0.3044194406,Memory-level parallelism,Waiting for a free MSHR costs 30% of cycles: the misses are independent but too few can be in flight at once.,Increase cpu.mshrs; Reduce memory.latency_cycles to shorten MSHR occupancy; Improve locality so fewer misses need to be tracked,2000000,0.042505208,47053057.59,0.0,0.0,0.00012242217844701903,0.0,0.3042970184634904,0.6955805593580626
associativity_l1_only,sequential,l1.associativity,16,/workspace/traces/sequential.trace,3.5,4,0,16,32,64,16,4,,,,,180,50,4000000,1437648,2.782322237,0.359412,0.0004107565714,1000000,0,1000000,875000,125000,0.875,0,0,,,,,,,125000,0,8000000,0,0,26.5,15.99835287,19.47625566,0.3895251132,1000000,0,0,176,0,437472,437648,0.3044194406,Memory-level parallelism,Waiting for a free MSHR costs 30% of cycles: the misses are independent but too few can be in flight at once.,Increase cpu.mshrs; Reduce memory.latency_cycles to shorten MSHR occupancy; Improve locality so fewer misses need to be tracked,2000000,0.04623297,43259171.97,0.0,0.0,0.00012242217844701903,0.0,0.3042970184634904,0.6955805593580626
associativity_l1_only,sequential,l1.associativity,32,/workspace/traces/sequential.trace,3.5,4,0,16,32,64,32,4,,,,,180,50,4000000,1437648,2.782322237,0.359412,0.0004107565714,1000000,0,1000000,875000,125000,0.875,0,0,,,,,,,125000,0,8000000,0,0,26.5,15.99835287,19.47625566,0.3895251132,1000000,0,0,176,0,437472,437648,0.3044194406,Memory-level parallelism,Waiting for a free MSHR costs 30% of cycles: the misses are independent but too few can be in flight at once.,Increase cpu.mshrs; Reduce memory.latency_cycles to shorten MSHR occupancy; Improve locality so fewer misses need to be tracked,2000000,0.052830365,37857016.51,0.0,0.0,0.00012242217844701903,0.0,0.3042970184634904,0.6955805593580626
associativity_l1_only,random_access,l1.associativity,1,/workspace/traces/random_access.trace,3.5,4,0,16,32,64,1,4,,,,,180,50,10000000,11561315,0.8649535109,1.1561315,0.003303232857,1000000,0,1000000,4041,995959,0.004041,0,0,,,,,,,995959,0,63741376,0,1262118,184.534738,15.95999884,19.29666444,0.3859332887,2500000,0,0,183,12504,9048628,9061315,0.7837616223,Memory-level parallelism,Waiting for a free MSHR costs 78% of cycles: the misses are independent but too few can be in flight at once.,Increase cpu.mshrs; Reduce memory.latency_cycles to shorten MSHR occupancy; Improve locality so fewer misses need to be tracked,2000000,0.081007872,24688958.62,0.0,0.0,1.5828649249674454e-05,0.00108153787004333,0.7826642557529139,0.21623837772779309
associativity_l1_only,random_access,l1.associativity,2,/workspace/traces/random_access.trace,3.5,4,0,16,32,64,2,4,,,,,180,50,10000000,11560401,0.8650218967,1.1560401,0.003302971714,1000000,0,1000000,4094,995906,0.004094,0,0,,,,,,,995906,0,63737984,0,1256502,184.519582,15.95993132,19.29716313,0.3859432627,2500000,0,0,182,13108,9047111,9060401,0.7837445258,Memory-level parallelism,Waiting for a free MSHR costs 78% of cycles: the misses are independent but too few can be in flight at once.,Increase cpu.mshrs; Reduce memory.latency_cycles to shorten MSHR occupancy; Improve locality so fewer misses need to be tracked,2000000,0.087513657,22853575.87,0.0,0.0,1.574339852051845e-05,0.001133870702236021,0.7825949117162977,0.21625547418294572
associativity_l1_only,random_access,l1.associativity,4,/workspace/traces/random_access.trace,3.5,4,0,16,32,64,4,4,,,,,180,50,10000000,11562441,0.864869278,1.1562441,0.003303554571,1000000,0,1000000,4104,995896,0.004104,0,0,,,,,,,995896,0,63737344,0,1284137,184.545417,15.95934639,19.29356474,0.3858712948,2500000,0,0,181,13074,9049186,9062441,0.7837826805,Memory-level parallelism,Waiting for a free MSHR costs 78% of cycles: the misses are independent but too few can be in flight at once.,Increase cpu.mshrs; Reduce memory.latency_cycles to shorten MSHR occupancy; Improve locality so fewer misses need to be tracked,2000000,0.094800824,21096863.04,0.0,0.0,1.565413393244558e-05,0.0011307300941038314,0.7826362962630469,0.21621731950891684
associativity_l1_only,random_access,l1.associativity,8,/workspace/traces/random_access.trace,3.5,4,0,16,32,64,8,4,,,,,180,50,10000000,11560788,0.8649929399,1.1560788,0.003303082286,1000000,0,1000000,4075,995925,0.004075,0,0,,,,,,,995925,0,63739200,0,1254996,184.521496,15.95956919,19.2968853,0.385937706,2500000,0,0,181,12149,9048458,9060788,0.783751765,Memory-level parallelism,Waiting for a free MSHR costs 78% of cycles: the misses are independent but too few can be in flight at once.,Increase cpu.mshrs; Reduce memory.latency_cycles to shorten MSHR occupancy; Improve locality so fewer misses need to be tracked,2000000,0.103259832,19368615.67,0.0,0.0,1.565637221269e-05,0.0010508799227180708,0.7826852287231632,0.21624823498190607
associativity_l1_only,random_access,l1.associativity,16,/workspace/traces/random_access.trace,3.5,4,0,16,32,64,16,4,,,,,180,50,10000000,11560924,0.8649827644,1.1560924,0.003303121143,1000000,0,1000000,4073,995927,0.004073,0,0,,,,,,,995927,0,63739328,0,1274701,184.541561,15.96111773,19.29669705,0.3859339409,2500000,0,0,181,13227,9047516,9060924,0.7837543089,Memory-level parallelism,Waiting for a free MSHR costs 78% of cycles: the misses are independent but too few can be in flight at once.,Increase cpu.mshrs; Reduce memory.latency_cycles to shorten MSHR occupancy; Improve locality so fewer misses need to be tracked,2000000,0.115624174,17297420.87,0.0,0.0,1.565618803479722e-05,0.0011441127024102917,0.7825945400211956,0.21624569108835937
associativity_l1_only,random_access,l1.associativity,32,/workspace/traces/random_access.trace,3.5,4,0,16,32,64,32,4,,,,,180,50,10000000,11560991,0.8649777515,1.1560991,0.003303140286,1000000,0,1000000,4066,995934,0.004066,0,0,,,,,,,995934,0,63739776,0,1263454,184.531574,15.9601638,19.29672084,0.3859344169,2500000,0,0,181,12774,9048036,9060991,0.7837555621,Memory-level parallelism,Waiting for a free MSHR costs 78% of cycles: the misses are independent but too few can be in flight at once.,Increase cpu.mshrs; Reduce memory.latency_cycles to shorten MSHR occupancy; Improve locality so fewer misses need to be tracked,2000000,0.139192733,14368566.21,0.0,0.0,1.5656097301693253e-05,0.0011049225797338654,0.7826349834542731,0.21624443786869135
associativity_l1_only,pointer_chase,l1.associativity,1,/workspace/traces/pointer_chase.trace,3.5,4,0,16,32,64,1,4,,,,,180,50,3000000,184102540,0.01629526676,61.36751333,0.05260072571,1000000,1000000,1000000,3597,996403,0.003597,0,0,,,,,,,996403,0,63769792,0,0,183.35254,0.9958480312,1.212336734,0.02424673467,750000,14388,0,183338152,0,0,183352540,0.9959261833,DRAM latency,"Waiting for DRAM costs 99% of cycles and the bus is not saturated, so the exposed latency is the problem.",Increase l2.size_kb to keep the working set on chip; Reduce memory.latency_cycles; Increase cpu.mshrs if the misses are independent,2000000,0.07375922,27115254.2,7.815209936810215e-05,0.0,0.9958480312113022,0.0,0.0,0.004073816689329762
associativity_l1_only,pointer_chase,l1.associativity,2,/workspace/traces/pointer_chase.trace,3.5,4,0,16,32,64,2,4,,,,,180,50,3000000,184096240,0.0162958244,61.36541333,0.05259892571,1000000,1000000,1000000,3632,996368,0.003632,0,0,,,,,,,996368,0,63767552,0,0,183.34624,0.9958471287,1.212335635,0.0242467127,750000,14528,0,183331712,0,0,183346240,0.9959260439,DRAM latency,"Waiting for DRAM costs 99% of cycles and the bus is not saturated, so the exposed latency is the problem.",Increase l2.size_kb to keep the working set on chip; Reduce memory.latency_cycles; Increase cpu.mshrs if the misses are independent,2000000,0.081050487,24675977.58,7.891524563456592e-05,0.0,0.9958471286540127,0.0,0.0,0.004073956100352729
associativity_l1_only,pointer_chase,l1.associativity,4,/workspace/traces/pointer_chase.trace,3.5,4,0,16,32,64,4,4,,,,,180,50,3000000,184096240,0.0162958244,61.36541333,0.05259892571,1000000,1000000,1000000,3632,996368,0.003632,0,0,,,,,,,996368,0,63767552,0,0,183.34624,0.9958471287,1.212335635,0.0242467127,750000,14528,0,183331712,0,0,183346240,0.9959260439,DRAM latency,"Waiting for DRAM costs 99% of cycles and the bus is not saturated, so the exposed latency is the problem.",Increase l2.size_kb to keep the working set on chip; Reduce memory.latency_cycles; Increase cpu.mshrs if the misses are independent,2000000,0.088610423,22570708.19,7.891524563456592e-05,0.0,0.9958471286540127,0.0,0.0,0.004073956100352729
associativity_l1_only,pointer_chase,l1.associativity,8,/workspace/traces/pointer_chase.trace,3.5,4,0,16,32,64,8,4,,,,,180,50,3000000,184095160,0.01629592,61.36505333,0.05259861714,1000000,1000000,1000000,3638,996362,0.003638,0,0,,,,,,,996362,0,63767168,0,0,183.34516,0.9958469739,1.212335447,0.02424670893,750000,14552,0,183330608,0,0,183345160,0.99592602,DRAM latency,"Waiting for DRAM costs 99% of cycles and the bus is not saturated, so the exposed latency is the problem.",Increase l2.size_kb to keep the working set on chip; Reduce memory.latency_cycles; Increase cpu.mshrs if the misses are independent,2000000,0.097061246,20605546.32,7.904607595332761e-05,0.0,0.9958469739237034,0.0,0.0,0.0040739800003433005
associativity_l1_only,pointer_chase,l1.associativity,16,/workspace/traces/pointer_chase.trace,3.5,4,0,16,32,64,16,4,,,,,180,50,3000000,184096240,0.0162958244,61.36541333,0.05259892571,1000000,1000000,1000000,3632,996368,0.003632,0,0,,,,,,,996368,0,63767552,0,0,183.34624,0.9958471287,1.212335635,0.0242467127,750000,14528,0,183331712,0,0,183346240,0.9959260439,DRAM latency,"Waiting for DRAM costs 99% of cycles and the bus is not saturated, so the exposed latency is the problem.",Increase l2.size_kb to keep the working set on chip; Reduce memory.latency_cycles; Increase cpu.mshrs if the misses are independent,2000000,0.109515606,18262237.44,7.891524563456592e-05,0.0,0.9958471286540127,0.0,0.0,0.004073956100352729
associativity_l1_only,pointer_chase,l1.associativity,32,/workspace/traces/pointer_chase.trace,3.5,4,0,16,32,64,32,4,,,,,180,50,3000000,184099480,0.01629553761,61.36649333,0.05259985143,1000000,1000000,1000000,3614,996386,0.003614,0,0,,,,,,,996386,0,63768704,0,0,183.34948,0.9958475928,1.2123362,0.024246724,750000,14456,0,183335024,0,0,183349480,0.9959261156,DRAM latency,"Waiting for DRAM costs 99% of cycles and the bus is not saturated, so the exposed latency is the problem.",Increase l2.size_kb to keep the working set on chip; Reduce memory.latency_cycles; Increase cpu.mshrs if the misses are independent,2000000,0.133383105,14994402.78,7.852276388830647e-05,0.0,0.9958475928340482,0.0,0.0,0.0040738844020634934
associativity_l1_only,strided,l1.associativity,1,/workspace/traces/strided.trace,3.5,4,0,16,32,64,1,4,,,,,180,50,6999888,7704177,0.9085834866,1.100614324,0.002201193429,999984,0,999984,333370,666614,0.333375334,0,0,,,,,,,666614,0,42663296,0,370540,124.3629858,15.96893685,19.38189322,0.3876378645,1749972,0,0,182,4082,5949941,5954205,0.7728541284,Memory-level parallelism,Waiting for a free MSHR costs 77% of cycles: the misses are independent but too few can be in flight at once.,Increase cpu.mshrs; Reduce memory.latency_cycles to shorten MSHR occupancy; Improve locality so fewer misses need to be tracked,1999968,0.063972264,31263048.62,0.0,0.0,2.3623548628231153e-05,0.000529842447804613,0.7723006623549796,0.22714587164858752
associativity_l1_only,strided,l1.associativity,2,/workspace/traces/strided.trace,3.5,4,0,16,32,64,2,4,,,,,180,50,6999888,7704916,0.9084963418,1.100719897,0.002201404571,999984,0,999984,333294,666690,0.3332993328,0,0,,,,,,,666690,0,42668160,0,368482,124.374608,15.96895307,19.38224375,0.387644875,1749972,0,0,182,4332,5950430,5954944,0.7728759145,Memory-level parallelism,Waiting for a free MSHR costs 77% of cycles: the misses are independent but too few can be in flight at once.,Increase cpu.mshrs; Reduce memory.latency_cycles to shorten MSHR occupancy; Improve locality so fewer misses need to be tracked,1999968,0.069133834,28928932.25,0.0,0.0,2.3621282827742705e-05,0.00056223844620759,0.7722900548169507,0.22712408545401402
associativity_l1_only,strided,l1.associativity,4,/workspace/traces/strided.trace,3.5,4,0,16,32,64,4,4,,,,,180,50,6999888,7713019,0.9075419106,1.101877487,0.002203719714,999984,0,999984,332644,667340,0.3326493224,0,0,,,,,,,667340,0,42709760,0,374752,124.49788,15.96849586,19.38075869,0.3876151738,1749972,0,0,180,4276,5958591,5963047,0.7731145223,Memory-level parallelism,Waiting for a free MSHR costs 77% of cycles: the misses are independent but too few can be in flight at once.,Increase cpu.mshrs; Reduce memory.latency_cycles to shorten MSHR occupancy; Improve locality so fewer misses need to be tracked,1999968,0.074809266,26734228.35,0.0,0.0,2.3337165382323057e-05,0.0005543873287489633,0.7725367978478984,0.22688547765797024
associativity_l1_only,strided,l1.associativity,8,/workspace/traces/strided.trace,3.5,4,0,16,32,64,8,4,,,,,180,50,6999888,7715530,0.9072465534,1.102236207,0.002204437143,999984,0,999984,332333,667651,0.3323383174,0,0,,,,,,,667651,0,42729664,0,363949,124.5430577,15.96931552,19.38348033,0.3876696066,1749972,0,0,181,3796,5961581,5965558,0.7731883617,Memory-level parallelism,Waiting for a free MSHR costs 77% of cycles: the misses are independent but too few can be in flight at once.,Increase cpu.mshrs; Reduce memory.latency_cycles to shorten MSHR occupancy; Improve locality so fewer misses need to be tracked,1999968,0.079676801,25101007.76,0.0,0.0,2.345917908426252e-05,0.0004919947171484007,0.7726729077587671,0.2268116383450003
associativity_l1_only,strided,l1.associativity,16,/workspace/traces/strided.trace,3.5,4,0,16,32,64,16,4,,,,,180,50,6999888,3869988,1.808762198,0.5528642744,0.001105710857,999984,0,999984,666180,333804,0.6661906591,0,0,,,,,,,333804,0,21363456,0,111647,64.19733016,15.89968315,19.32101495,0.386420299,1749972,0,0,175,248,2119593,2120016,0.5478094506,Memory-level parallelism,Waiting for a free MSHR costs 54% of cycles: the misses are independent but too few can be in flight at once.,Increase cpu.mshrs; Reduce memory.latency_cycles to shorten MSHR occupancy; Improve locality so fewer misses need to be tracked,1999968,0.069549457,28756054.85,0.0,0.0,4.521977845926137e-05,6.408288604512468e-05,0.5477001479074354,0.45219054942806025
associativity_l1_only,strided,l1.associativity,32,/workspace/traces/strided.trace,3.5,4,0,16,32,64,32,4,,,,,180,50,6999888,1750104,3.999698304,0.2500188574,0.0005000297143,999984,0,999984,999960,24,0.9999759996,0,0,,,,,,,24,0,1536,0,298,4.004618074,0.002693554212,0.003071817446,6.143634893e-05,1749972,0,0,0,0,132,132,7.542408908e-05,Compute,Memory stalls account for only 0% of cycles; the machine is limited by instruction issue.,Increase cpu.issue_width; Reduce the instruction count (vectorise the inner loop),1999968,0.053294406,37526790.34,0.0,0.0,0.0,0.0,7.542408908270595e-05,0.9999245759109173
associativity_l1_only,matrix_naive,l1.associativity,1,/workspace/traces/matrix_naive.trace,3.5,4,0,16,32,64,1,4,,,,,180,50,35463168,84116013,0.421598299,2.371926078,0.02403314657,14229504,0,14229504,6973584,7255920,0.4900792044,36863,0,,,,,,,7255920,36863,464378880,2359232,9566734,96.43262225,15.98142851,19.4205994,0.3884119881,8865792,0,0,187,16531,75233503,75250221,0.8946004252,Memory-level parallelism,Waiting for a free MSHR costs 89% of cycles: the misses are independent but too few can be in flight at once.,Increase cpu.mshrs; Reduce memory.latency_cycles to shorten MSHR occupancy; Improve locality so fewer misses need to be tracked,21307392,0.73778458,28880234.93,0.0,0.0,2.2231201091283297e-06,0.00019652619531551025,0.894401675932976,0.10539957475159932
associativity_l1_only,matrix_naive,l1.associativity,2,/workspace/traces/matrix_naive.trace,3.5,4,0,16,32,64,2,4,,,,,180,50,35463168,83951810,0.4224229114,2.367295838,0.02398623143,14229504,0,14229504,6987774,7241730,0.4910764282,36856,0,,,,,,,7241730,36856,463470720,2358784,9522713,96.25018602,15.98108857,19.42070414,0.3884140828,8865792,0,0,187,14959,75070872,75086018,0.8943942721,Memory-level parallelism,Waiting for a free MSHR costs 89% of cycles: the misses are independent but too few can be in flight at once.,Increase cpu.mshrs; Reduce memory.latency_cycles to shorten MSHR occupancy; Improve locality so fewer misses need to be tracked,21307392,0.844134215,25241711.12,0.0,0.0,2.2274683535709355e-06,0.0001781855566902012,0.8942138591175104,0.10560572785744583
associativity_l1_only,matrix_naive,l1.associativity,4,/workspace/traces/matrix_naive.trace,3.5,4,0,16,32,64,4,4,,,,,180,50,35463168,83930483,0.4225302504,2.366694453,0.023980138,14229504,0,14229504,6989688,7239816,0.4912109375,36856,0,,,,,,,7239816,36856,463348224,2358784,9515223,96.22544342,15.98086335,19.42053077,0.3884106155,8865792,0,0,187,13696,75050808,75064691,0.8943674374,Memory-level parallelism,Waiting for a free MSHR costs 89% of cycles: the misses are independent but too few can be in flight at once.,Increase cpu.mshrs; Reduce memory.latency_cycles to shorten MSHR occupancy; Improve locality so fewer misses need to be tracked,21307392,0.919253397,23179019.05,0.0,0.0,2.2280343602931486e-06,0.00016318266630253991,0.8942020266939248,0.10563256260541239
associativity_l1_only,matrix_naive,l1.associativity,8,/workspace/traces/matrix_naive.trace,3.5,4,0,16,32,64,8,4,,,,,180,50,35463168,83919724,0.4225844213,2.366391068,0.023977064,14229504,0,14229504,6990648,7238856,0.491278403,36856,0,,,,,,,7238856,36856,463286784,2358784,9513999,96.21330245,15.9808078,19.42045815,0.388409163,8865792,0,0,184,13598,75040150,75053932,0.8943538947,Memory-level parallelism,Waiting for a free MSHR costs 89% of cycles: the misses are independent but too few can be in flight at once.,Increase cpu.mshrs; Reduce memory.latency_cycles to shorten MSHR occupancy; Improve locality so fewer misses need to be tracked,21307392,0.994084753,21434180.47,0.0,0.0,2.1925715580284797e-06,0.0001620358045982134,0.8941896663053849,0.10564610531845886
associativity_l1_only,matrix_naive,l1.associativity,16,/workspace/traces/matrix_naive.trace,3.5,4,0,16,32,64,16,4,,,,,180,50,35463168,83915260,0.4226069013,2.366265191,0.02397578857,14229504,0,14229504,6991056,7238448,0.4913070758,36856,0,,,,,,,7238448,36856,463260672,2358784,9505294,96.20748538,15.98065208,19.42040215,0.3884080431,8865792,0,0,187,11972,75037309,75049468,0.8943482747,Memory-level parallelism,Waiting for a free MSHR costs 89% of cycles: the misses are independent but too few can be in flight at once.,Increase cpu.mshrs; Reduce memory.latency_cycles to shorten MSHR occupancy; Improve locality so fewer misses need to be tracked,21307392,1.102327477,19329457.39,0.0,0.0,2.228438546219126e-06,0.00014266773409270255,0.8942033785035046,0.10565172532385647
associativity_l1_only,matrix_naive,l1.associativity,32,/workspace/traces/matrix_naive.trace,3.5,4,0,16,32,64,32,4,,,,,180,50,35463168,83914994,0.4226082409,2.36625769,0.02397571257,14229504,0,14229504,6991104,7238400,0.4913104491,36856,0,,,,,,,7238400,36856,463257600,2358784,9493936,96.2059168,15.98043446,19.42033558,0.3884067117,8865792,0,0,187,9646,75039369,75049202,0.8943479398,Memory-level parallelism,Waiting for a free MSHR costs 89% of cycles: the misses are independent but too few can be in flight at once.,Increase cpu.mshrs; Reduce memory.latency_cycles to shorten MSHR occupancy; Improve locality so fewer misses need to be tracked,21307392,1.30632861,16310897.45,0.0,0.0,2.228445610089658e-06,0.0001149496596520045,0.8942307616681711,0.1056520602265669
associativity_l1_only,matrix_blocked,l1.associativity,1,/workspace/traces/matrix_blocked.trace,3.5,4,0,16,32,64,1,4,,,,,180,50,35831808,9515916,3.765460729,0.2655717512,0.002718833143,14598144,0,14598144,14142396,455748,0.9687804148,140348,0,,,,,,,455748,140348,29167872,8982272,2327476,9.684109089,8.911431648,14.03180776,0.2806361553,8957952,0,0,187,6560,551217,557964,0.05863481771,Compute,Memory stalls account for only 5% of cycles; the machine is limited by instruction issue.,Increase cpu.issue_width; Reduce the instruction count (vectorise the inner loop),21676032,0.477038779,45438721.03,0.0,0.0,1.9651287380006296e-05,0.0006893713647745524,0.057925795057459525,0.9413651822903859
associativity_l1_only,matrix_blocked,l1.associativity,2,/workspace/traces/matrix_blocked.trace,3.5,4,0,16,32,64,2,4,,,,,180,50,35831808,9311248,3.848228293,0.259859843,0.002660356571,14598144,0,14598144,14408988,189156,0.9870424624,59329,0,,,,,,,189156,59329,12105984,3797056,1773342,6.388731883,3.826305131,5.977785148,0.119555703,8957952,0,0,192,10549,342555,353296,0.03794292666,Compute,Memory stalls account for only 3% of cycles; the machine is limited by instruction issue.,Increase cpu.issue_width; Reduce the instruction count (vectorise the inner loop),21676032,0.489703838,44263553.43,0.0,0.0,2.0620221907954766e-05,0.0011329308380573688,0.03678937560249711,0.9620570733375375
associativity_l1_only,matrix_blocked,l1.associativity,4,/workspace/traces/matrix_blocked.trace,3.5,4,0,16,32,64,4,4,,,,,180,50,35831808,9244064,3.876196443,0.2579848608,0.002641161143,14598144,0,14598144,14515740,82404,0.9943551728,27044,0,,,,,,,82404,27044,5273856,1730816,1615402,5.073962211,1.731648656,2.652118376,0.05304236751,8957952,0,0,0,16932,269180,286112,0.03095088913,Compute,Memory stalls account for only 3% of cycles; the machine is limited by instruction issue.,Increase cpu.issue_width; Reduce the instruction count (vectorise the inner loop),21676032,0.490475417,44193921.34,0.0,0.0,0.0,0.001831661918394334,0.029119227214350743,0.9690491108672549
associativity_l1_only,matrix_blocked,l1.associativity,8,/workspace/traces/matrix_blocked.trace,3.5,4,0,16,32,64,8,4,,,,,180,50,35831808,9244142,3.876163737,0.2579870377,0.002641183429,14598144,0,14598144,14515740,82404,0.9943551728,27044,0,,,,,,,82404,27044,5273856,1730816,1556203,5.070508552,1.726180104,2.652095998,0.05304191995,8957952,0,0,0,16255,269935,286190,0.03095906575,Compute,Memory stalls account for only 3% of cycles; the machine is limited by instruction issue.,Increase cpu.issue_width; Reduce the instruction count (vectorise the inner loop),21676032,0.521734753,41546076.58,0.0,0.0,0.0,0.0017584108941641095,0.029200654857963023,0.9690409342478729
associativity_l1_only,matrix_blocked,l1.associativity,16,/workspace/traces/matrix_blocked.trace,3.5,4,0,16,32,64,16,4,,,,,180,50,35831808,9244022,3.876214055,0.2579836887,0.002641149143,14598144,0,14598144,14515740,82404,0.9943551728,27044,0,,,,,,,82404,27044,5273856,1730816,1556733,5.070272015,1.725828974,2.652130425,0.05304260851,8957952,0,0,0,16036,270034,286070,0.03094648628,Compute,Memory stalls account for only 3% of cycles; the machine is limited by instruction issue.,Increase cpu.issue_width; Reduce the instruction count (vectorise the inner loop),21676032,0.572617396,37854302.28,0.0,0.0,0.0,0.0017347427342773525,0.029211743546261573,0.969053513719461
associativity_l1_only,matrix_blocked,l1.associativity,32,/workspace/traces/matrix_blocked.trace,3.5,4,0,16,32,64,32,4,,,,,180,50,35831808,9247244,3.874863473,0.2580736088,0.002642069714,14598144,0,14598144,14515632,82512,0.9943477746,27152,0,,,,,,,82512,27152,5280768,1737728,1557684,5.071671508,1.72748367,2.65643861,0.0531287722,8957952,0,0,0,16221,273071,289292,0.03128413179,Compute,Memory stalls account for only 3% of cycles; the machine is limited by instruction issue.,Increase cpu.issue_width; Reduce the instruction count (vectorise the inner loop),21676032,0.63263664,34263004.43,0.0,0.0,0.0,0.0017541442617930272,0.029529987529257364,0.9687158682089496
bandwidth,sequential,memory.bandwidth_gbps,3,/workspace/traces/sequential.trace,3.5,4,0,16,32,64,8,4,512.0,64.0,8.0,12.0,180,3,4000000,9333518,0.4285629491,2.3333795,0.002666719429,1000000,0,1000000,875000,125000,0.875,0,0,125000.0,0.0,125000.0,0.0,0.0,0.0,125000,0,8000000,0,124784887,152.784887,15.99449286,2.999940644,0.9999802147,1000000,0,0,197,6962466,1370855,8333518,0.8928592627,DRAM bandwidth,"DRAM is delivering 99% of its configured bandwidth, so requests are queueing behind the bus.",Increase memory.bandwidth_gbps; Reduce DRAM traffic by improving locality (blocking/tiling); Increase last-level cache capacity to filter traffic,2000000,0.047583736,42031167.96,0.0,0.0,2.1106725245507642e-05,0.7459637405745615,0.14687441541335217,0.10714073728684083
bandwidth,sequential,memory.bandwidth_gbps,6,/workspace/traces/sequential.trace,3.5,4,0,16,32,64,8,4,512.0,64.0,8.0,12.0,180,6,4000000,4666845,0.8571101033,1.16671125,0.001333384286,1000000,0,1000000,875000,125000,0.875,0,0,125000.0,0.0,125000.0,0.0,0.0,0.0,125000,0,8000000,0,50059381,78.059381,15.97639969,5.999770723,0.9999617872,1000000,0,0,188,2455495,1211162,3666845,0.7857224742,DRAM bandwidth,"DRAM is delivering 99% of its configured bandwidth, so requests are queueing behind the bus.",Increase memory.bandwidth_gbps; Reduce DRAM traffic by improving locality (blocking/tiling); Increase last-level cache capacity to filter traffic,2000000,0.047256521,42322201.42,0.0,0.0,4.0284174854746624e-05,0.5261573932710428,0.25952479673098205,0.21427752582312032
bandwidth,sequential,memory.bandwidth_gbps,12,/workspace/traces/sequential.trace,3.5,4,0,16,32,64,8,4,512.0,64.0,8.0,12.0,180,12,4000000,2333539,1.714134626,0.58338475,0.0006667254286,1000000,0,1000000,875000,125000,0.875,0,0,125000.0,0.0,125000.0,0.0,0.0,0.0,125000,0,8000000,0,12637412,40.637412,15.91463095,11.99894238,0.9999118649,1000000,0,0,198,450737,882604,1333539,0.5714663436,DRAM bandwidth,"DRAM is delivering 99% of its configured bandwidth, so requests are queueing behind the bus.",Increase memory.bandwidth_gbps; Reduce DRAM traffic by improving locality (blocking/tiling); Increase last-level cache capacity to filter traffic,2000000,0.047119826,42444978.47,0.0,0.0,8.484966396533334e-05,0.19315597468051746,0.3782255192649448,0.42853365639057245
bandwidth,sequential,memory.bandwidth_gbps,25,/workspace/traces/sequential.trace,3.5,4,0,16,32,64,8,4,512.0,64.0,8.0,12.0,180,25,4000000,1553264,2.575222242,0.388316,0.0004437897143,1000000,0,1000000,875000,125000,0.875,0,0,125000.0,0.0,125000.0,0.0,0.0,0.0,125000,0,8000000,0,209484,28.209484,15.90810319,18.02655569,0.7210622277,1000000,0,0,190,4732,548342,553264,0.3561944396,Memory-level parallelism,Waiting for a free MSHR costs 35% of cycles: the misses are independent but too few can be in flight at once.,Increase cpu.mshrs; Reduce memory.latency_cycles to shorten MSHR occupancy; Improve locality so fewer misses need to be tracked,2000000,0.046620649,42899445.69,0.0,0.0,0.0001223230564797742,0.0030464879119067975,0.3530256286117492,0.6438055604198643
bandwidth,sequential,memory.bandwidth_gbps,50,/workspace/traces/sequential.trace,3.5,4,0,16,32,64,8,4,512.0,64.0,8.0,12.0,180,50,4000000,1531404,2.611982207,0.382851,0.000437544,1000000,0,1000000,875000,125000,0.875,0,0,125000.0,0.0,125000.0,0.0,0.0,0.0,125000,0,8000000,0,0,28.0,15.99839102,18.28387545,0.365677509,1000000,0,0,188,0,531216,531404,0.3470044482,Memory-level parallelism,Waiting for a free MSHR costs 34% of cycles: the misses are independent but too few can be in flight at once.,Increase cpu.mshrs; Reduce memory.latency_cycles to shorten MSHR occupancy; Improve locality so fewer misses need to be tracked,2000000,0.045250912,44198004.23,0.0,0.0,0.00012276316373732862,0.0,0.3468816850419615,0.6529955517943011
bandwidth,sequential,memory.bandwidth_gbps,100,/workspace/traces/sequential.trace,3.5,4,0,16,32,64,8,4,512.0,64.0,8.0,12.0,180,100,4000000,1531404,2.611982207,0.382851,0.000437544,1000000,0,1000000,875000,125000,0.875,0,0,125000.0,0.0,125000.0,0.0,0.0,0.0,125000,0,8000000,0,0,28.0,15.99839102,18.28387545,0.1828387545,1000000,0,0,188,0,531216,531404,0.3470044482,Memory-level parallelism,Waiting for a free MSHR costs 34% of cycles: the misses are independent but too few can be in flight at once.,Increase cpu.mshrs; Reduce memory.latency_cycles to shorten MSHR occupancy; Improve locality so fewer misses need to be tracked,2000000,0.044884348,44558962.96,0.0,0.0,0.00012276316373732862,0.0,0.3468816850419615,0.6529955517943011
bandwidth,sequential,memory.bandwidth_gbps,200,/workspace/traces/sequential.trace,3.5,4,0,16,32,64,8,4,512.0,64.0,8.0,12.0,180,200,4000000,1531404,2.611982207,0.382851,0.000437544,1000000,0,1000000,875000,125000,0.875,0,0,125000.0,0.0,125000.0,0.0,0.0,0.0,125000,0,8000000,0,0,28.0,15.99839102,18.28387545,0.09141937725,1000000,0,0,188,0,531216,531404,0.3470044482,Memory-level parallelism,Waiting for a free MSHR costs 34% of cycles: the misses are independent but too few can be in flight at once.,Increase cpu.mshrs; Reduce memory.latency_cycles to shorten MSHR occupancy; Improve locality so fewer misses need to be tracked,2000000,0.045174067,44273188.86,0.0,0.0,0.00012276316373732862,0.0,0.3468816850419615,0.6529955517943011
bandwidth,random_access,memory.bandwidth_gbps,3,/workspace/traces/random_access.trace,3.5,4,0,16,32,64,8,4,512.0,64.0,8.0,12.0,180,3,10000000,69806332,0.1432534802,6.9806332,0.01994466629,1000000,0,1000000,4075,995925,0.004075,0,0,995925.0,61021.0,934904.0,0.06127067801,0.0,0.0,934904,0,59833856,0,932643168,1116.876988,15.99941805,2.999992837,0.9999976124,2500000,0,0,197,55617614,11688521,67306332,0.9641866299,DRAM bandwidth,"DRAM is delivering 99% of its configured bandwidth, so requests are queueing behind the bus.",Increase memory.bandwidth_gbps; Reduce DRAM traffic by improving locality (blocking/tiling); Increase last-level cache capacity to filter traffic,2000000,0.13087616,15281621.95,0.0,0.0,2.8220935602231614e-06,0.7967416766719673,0.1674421311808791,0.03581337005359342
bandwidth,random_access,memory.bandwidth_gbps,6,/workspace/traces/random_access.trace,3.5,4,0,16,32,64,8,4,512.0,64.0,8.0,12.0,180,6,10000000,34903316,0.2865057291,3.4903316,0.009972376,1000000,0,1000000,4075,995925,0.004075,0,0,995925.0,61021.0,934904.0,0.06127067801,0.0,0.0,934904,0,59833856,0,374169656,558.403476,15.9981125,5.999959889,0.9999933149,2500000,0,0,205,21274173,11128938,32403316,0.9283735677,DRAM bandwidth,"DRAM is delivering 99% of its configured bandwidth, so requests are queueing behind the bus.",Increase memory.bandwidth_gbps; Reduce DRAM traffic by improving locality (blocking/tiling); Increase last-level cache capacity to filter traffic,2000000,0.144386988,13851663.7,0.0,0.0,5.8733674473794984e-06,0.6095172447225358,0.31885044962490094,0.07162643228511584
bandwidth,random_access,memory.bandwidth_gbps,12,/workspace/traces/random_access.trace,3.5,4,0,16,32,64,8,4,512.0,64.0,8.0,12.0,180,12,10000000,17451764,0.5730079779,1.7451764,0.004986218286,1000000,0,1000000,4075,995925,0.004075,0,0,995925.0,61021.0,934904.0,0.06127067801,0.0,0.0,934904,0,59833856,0,94888440,279.12226,15.99299418,11.99984689,0.999987241,2500000,0,0,203,4900796,10050765,14951764,0.8567480055,DRAM bandwidth,"DRAM is delivering 99% of its configured bandwidth, so requests are queueing behind the bus.",Increase memory.bandwidth_gbps; Reduce DRAM traffic by improving locality (blocking/tiling); Increase last-level cache capacity to filter traffic,2000000,0.129820632,15405871.7,0.0,0.0,1.1632061950872129e-05,0.2808195205940213,0.5759168528751593,0.1432519944688686
bandwidth,random_access,memory.bandwidth_gbps,25,/workspace/traces/random_access.trace,3.5,4,0,16,32,64,8,4,512.0,64.0,8.0,12.0,180,25,10000000,11715852,0.8535444115,1.1715852,0.003347386286,1000000,0,1000000,4075,995925,0.004075,0,0,995925.0,61021.0,934904.0,0.06127067801,0.0,0.0,934904,0,59833856,0,3040433,187.274253,15.98329793,17.87479869,0.7149919477,2500000,0,0,190,86239,9129423,9215852,0.7866138971,Memory-level parallelism,Waiting for a free MSHR costs 77% of cycles: the misses are independent but too few can be in flight at once.,Increase cpu.mshrs; Reduce memory.latency_cycles to shorten MSHR occupancy; Improve locality so fewer misses need to be tracked,2000000,0.13593363,14713062.54,0.0,0.0,1.6217343817590047e-05,0.007360881649921832,0.7792367981432337,0.21338610286302695
bandwidth,random_access,memory.bandwidth_gbps,50,/workspace/traces/random_access.trace,3.5,4,0,16,32,64,8,4,512.0,64.0,8.0,12.0,180,50,10000000,11547938,0.8659554632,1.1547938,0.003299410857,1000000,0,1000000,4075,995925,0.004075,0,0,995925.0,61021.0,934904.0,0.06127067801,0.0,0.0,934904,0,59833856,0,409279,184.643099,15.98785853,18.13470907,0.3626941814,2500000,0,0,195,3443,9044300,9047938,0.7835111342,Memory-level parallelism,Waiting for a free MSHR costs 78% of cycles: the misses are independent but too few can be in flight at once.,Increase cpu.mshrs; Reduce memory.latency_cycles to shorten MSHR occupancy; Improve locality so fewer misses need to be tracked,2000000,0.132012094,15150127.08,0.0,0.0,1.6886131532746365e-05,0.00029814846598587557,0.7831960995980408,0.21648886580444057
bandwidth,random_access,memory.bandwidth_gbps,100,/workspace/traces/random_access.trace,3.5,4,0,16,32,64,8,4,512.0,64.0,8.0,12.0,180,100,10000000,11515978,0.8683587273,1.1515978,0.003290279429,1000000,0,1000000,4075,995925,0.004075,0,0,995925.0,61021.0,934904.0,0.06127067801,0.0,0.0,934904,0,59833856,0,0,184.23382,15.99668912,18.18503787,0.1818503787,2500000,0,0,193,0,9015785,9015978,0.7829103182,Memory-level parallelism,Waiting for a free MSHR costs 78% of cycles: the misses are independent but too few can be in flight at once.,Increase cpu.mshrs; Reduce memory.latency_cycles to shorten MSHR occupancy; Improve locality so fewer misses need to be tracked,2000000,0.129842119,15403322.25,0.0,0.0,1.6759323437401495e-05,0.0,0.782893558844937,0.21708968183162558
bandwidth,random_access,memory.bandwidth_gbps,200,/workspace/traces/random_access.trace,3.5,4,0,16,32,64,8,4,512.0,64.0,8.0,12.0,180,200,10000000,11515978,0.8683587273,1.1515978,0.003290279429,1000000,0,1000000,4075,995925,0.004075,0,0,995925.0,61021.0,934904.0,0.06127067801,0.0,0.0,934904,0,59833856,0,0,184.23382,15.99668912,18.18503787,0.09092518933,2500000,0,0,193,0,9015785,9015978,0.7829103182,Memory-level parallelism,Waiting for a free MSHR costs 78% of cycles: the misses are independent but too few can be in flight at once.,Increase cpu.mshrs; Reduce memory.latency_cycles to shorten MSHR occupancy; Improve locality so fewer misses need to be tracked,2000000,0.128232964,15596613.68,0.0,0.0,1.6759323437401495e-05,0.0,0.782893558844937,0.21708968183162558
bandwidth,pointer_chase,memory.bandwidth_gbps,3,/workspace/traces/pointer_chase.trace,3.5,4,0,16,32,64,8,4,512.0,64.0,8.0,12.0,180,3,3000000,186299824,0.01610307479,62.09994133,0.05322852114,1000000,1000000,1000000,3638,996362,0.003638,0,0,996362.0,54176.0,942186.0,0.05437381193,0.0,0.0,942186,0,60299904,0,0,185.549824,0.9958961207,1.132849508,0.3776165027,750000,14552,866816,184668456,0,0,185549824,0.9959742313,DRAM latency,"Waiting for DRAM costs 99% of cycles and the bus is not saturated, so the exposed latency is the problem.",Increase l2.size_kb to keep the working set on chip; Reduce memory.latency_cycles; Increase cpu.mshrs if the misses are independent,2000000,0.142280743,14056716.02,7.811064813458976e-05,0.00465280096024138,0.9912433196930985,0.0,0.0,0.004025768698525448
bandwidth,pointer_chase,memory.bandwidth_gbps,6,/workspace/traces/pointer_chase.trace,3.5,4,0,16,32,64,8,4,512.0,64.0,8.0,12.0,180,6,3000000,186299824,0.01610307479,62.09994133,0.05322852114,1000000,1000000,1000000,3638,996362,0.003638,0,0,996362.0,54176.0,942186.0,0.05437381193,0.0,0.0,942186,0,60299904,0,0,185.549824,0.9958961207,1.132849508,0.1888082514,750000,14552,866816,184668456,0,0,185549824,0.9959742313,DRAM latency,"Waiting for DRAM costs 99% of cycles and the bus is not saturated, so the exposed latency is the problem.",Increase l2.size_kb to keep the working set on chip; Reduce memory.latency_cycles; Increase cpu.mshrs if the misses are independent,2000000,0.126660107,15790291.41,7.811064813458976e-05,0.00465280096024138,0.9912433196930985,0.0,0.0,0.004025768698525448
bandwidth,pointer_chase,memory.bandwidth_gbps,12,/workspace/traces/pointer_chase.trace,3.5,4,0,16,32,64,8,4,512.0,64.0,8.0,12.0,180,12,3000000,186299824,0.01610307479,62.09994133,0.05322852114,1000000,1000000,1000000,3638,996362,0.003638,0,0,996362.0,54176.0,942186.0,0.05437381193,0.0,0.0,942186,0,60299904,0,0,185.549824,0.9958961207,1.132849508,0.09440412569,750000,14552,866816,184668456,0,0,185549824,0.9959742313,DRAM latency,"Waiting for DRAM costs 99% of cycles and the bus is not saturated, so the exposed latency is the problem.",Increase l2.size_kb to keep the working set on chip; Reduce memory.latency_cycles; Increase cpu.mshrs if the misses are independent,2000000,0.126520022,15807774.68,7.811064813458976e-05,0.00465280096024138,0.9912433196930985,0.0,0.0,0.004025768698525448
bandwidth,pointer_chase,memory.bandwidth_gbps,25,/workspace/traces/pointer_chase.trace,3.5,4,0,16,32,64,8,4,512.0,64.0,8.0,12.0,180,25,3000000,186299824,0.01610307479,62.09994133,0.05322852114,1000000,1000000,1000000,3638,996362,0.003638,0,0,996362.0,54176.0,942186.0,0.05437381193,0.0,0.0,942186,0,60299904,0,0,185.549824,0.9958961207,1.132849508,0.04531398033,750000,14552,866816,184668456,0,0,185549824,0.9959742313,DRAM latency,"Waiting for DRAM costs 99% of cycles and the bus is not saturated, so the exposed latency is the problem.",Increase l2.size_kb to keep the working set on chip; Reduce memory.latency_cycles; Increase cpu.mshrs if the misses are independent,2000000,0.126437668,15818070.92,7.811064813458976e-05,0.00465280096024138,0.9912433196930985,0.0,0.0,0.004025768698525448
bandwidth,pointer_chase,memory.bandwidth_gbps,50,/workspace/traces/pointer_chase.trace,3.5,4,0,16,32,64,8,4,512.0,64.0,8.0,12.0,180,50,3000000,186299824,0.01610307479,62.09994133,0.05322852114,1000000,1000000,1000000,3638,996362,0.003638,0,0,996362.0,54176.0,942186.0,0.05437381193,0.0,0.0,942186,0,60299904,0,0,185.549824,0.9958961207,1.132849508,0.02265699016,750000,14552,866816,184668456,0,0,185549824,0.9959742313,DRAM latency,"Waiting for DRAM costs 99% of cycles and the bus is not saturated, so the exposed latency is the problem.",Increase l2.size_kb to keep the working set on chip; Reduce memory.latency_cycles; Increase cpu.mshrs if the misses are independent,2000000,0.125825593,15895017.48,7.811064813458976e-05,0.00465280096024138,0.9912433196930985,0.0,0.0,0.004025768698525448
bandwidth,pointer_chase,memory.bandwidth_gbps,100,/workspace/traces/pointer_chase.trace,3.5,4,0,16,32,64,8,4,512.0,64.0,8.0,12.0,180,100,3000000,186299824,0.01610307479,62.09994133,0.05322852114,1000000,1000000,1000000,3638,996362,0.003638,0,0,996362.0,54176.0,942186.0,0.05437381193,0.0,0.0,942186,0,60299904,0,0,185.549824,0.9958961207,1.132849508,0.01132849508,750000,14552,866816,184668456,0,0,185549824,0.9959742313,DRAM latency,"Waiting for DRAM costs 99% of cycles and the bus is not saturated, so the exposed latency is the problem.",Increase l2.size_kb to keep the working set on chip; Reduce memory.latency_cycles; Increase cpu.mshrs if the misses are independent,2000000,0.125885768,15887419.46,7.811064813458976e-05,0.00465280096024138,0.9912433196930985,0.0,0.0,0.004025768698525448
bandwidth,pointer_chase,memory.bandwidth_gbps,200,/workspace/traces/pointer_chase.trace,3.5,4,0,16,32,64,8,4,512.0,64.0,8.0,12.0,180,200,3000000,186299824,0.01610307479,62.09994133,0.05322852114,1000000,1000000,1000000,3638,996362,0.003638,0,0,996362.0,54176.0,942186.0,0.05437381193,0.0,0.0,942186,0,60299904,0,0,185.549824,0.9958961207,1.132849508,0.005664247541,750000,14552,866816,184668456,0,0,185549824,0.9959742313,DRAM latency,"Waiting for DRAM costs 99% of cycles and the bus is not saturated, so the exposed latency is the problem.",Increase l2.size_kb to keep the working set on chip; Reduce memory.latency_cycles; Increase cpu.mshrs if the misses are independent,2000000,0.126102022,15860173.92,7.811064813458976e-05,0.00465280096024138,0.9912433196930985,0.0,0.0,0.004025768698525448
bandwidth,strided,memory.bandwidth_gbps,3,/workspace/traces/strided.trace,3.5,4,0,16,32,64,8,4,512.0,64.0,8.0,12.0,180,3,6999888,1750826,3.998048921,0.250122002,0.000500236,999984,0,999984,332333,667651,0.3323383174,0,0,667651.0,667627.0,24.0,0.9999640531,0.0,0.0,24,0,1536,0,16164,12.03242452,6.113057494,0.0030705507,0.0010235169,1749972,0,14,0,146,694,854,0.0004877697727,Compute,Memory stalls account for only 0% of cycles; the machine is limited by instruction issue.,Increase cpu.issue_width; Reduce the instruction count (vectorise the inner loop),1999968,0.078403665,25508603.46,0.0,7.996225781431165e-06,0.0,8.338921172063928e-05,0.0003963843351652306,0.9995122302273327
bandwidth,strided,memory.bandwidth_gbps,6,/workspace/traces/strided.trace,3.5,4,0,16,32,64,8,4,512.0,64.0,8.0,12.0,180,6,6999888,1750436,3.998939693,0.2500662868,0.0005001245714,999984,0,999984,332333,667651,0.3323383174,0,0,667651.0,667627.0,24.0,0.9999640531,0.0,0.0,24,0,1536,0,6975,12.02323537,6.109169944,0.003071234824,0.0005118724706,1749972,0,14,0,32,418,464,0.0002650768151,Compute,Memory stalls account for only 0% of cycles; the machine is limited by instruction issue.,Increase cpu.issue_width; Reduce the instruction count (vectorise the inner loop),1999968,0.077738091,25727001.71,0.0,7.998007353596475e-06,0.0,1.8281159665363372e-05,0.00023879764812880904,0.9997349231848522
bandwidth,strided,memory.bandwidth_gbps,12,/workspace/traces/strided.trace,3.5,4,0,16,32,64,8,4,512.0,64.0,8.0,12.0,180,12,6999888,1750247,3.999371517,0.2500392863,0.0005000705714,999984,0,999984,332333,667651,0.3323383174,0,0,667651.0,667627.0,24.0,0.9999640531,0.0,0.0,24,0,1536,0,2365,12.0186253,6.107195727,0.00307156647,0.0002559638725,1749972,0,14,0,3,258,275,0.0001571206807,Compute,Memory stalls account for only 0% of cycles; the machine is limited by instruction issue.,Increase cpu.issue_width; Reduce the instruction count (vectorise the inner loop),1999968,0.077688399,25743457.53,0.0,7.998871016490815e-06,0.0,1.714043789248032e-06,0.00014740776587533075,0.9998428793193189
bandwidth,strided,memory.bandwidth_gbps,25,/workspace/traces/strided.trace,3.5,4,0,16,32,64,8,4,512.0,64.0,8.0,12.0,180,25,6999888,1750165,3.999558899,0.2500275719,0.0005000471429,999984,0,999984,332333,667651,0.3323383174,0,0,667651.0,667627.0,24.0,0.9999640531,0.0,0.0,24,0,1536,0,826,12.01708627,6.10660252,0.003071710382,0.0001228684153,1749972,0,14,0,1,178,193,0.0001102753169,Compute,Memory stalls account for only 0% of cycles; the machine is limited by instruction issue.,Increase cpu.issue_width; Reduce the instruction count (vectorise the inner loop),1999968,0.077441731,25825455.79,0.0,7.999245785397376e-06,0.0,5.713746989569554e-07,0.00010170469641433808,0.9998897246831013
bandwidth,strided,memory.bandwidth_gbps,50,/workspace/traces/strided.trace,3.5,4,0,16,32,64,8,4,512.0,64.0,8.0,12.0,180,50,6999888,1750150,3.999593178,0.250025429,0.0005000428571,999984,0,999984,332333,667651,0.3323383174,0,0,667651.0,667627.0,24.0,0.9999640531,0.0,0.0,24,0,1536,0,269,12.01652926,6.1063366,0.003071736708,6.143473417e-05,1749972,0,14,0,0,164,178,0.0001017055681,Compute,Memory stalls account for only 0% of cycles; the machine is limited by instruction issue.,Increase cpu.issue_width; Reduce the instruction count (vectorise the inner loop),1999968,0.077547124,25790356.84,0.0,7.999314344484759e-06,0.0,0.0,9.37062537496786e-05,0.9998982944319058
bandwidth,strided,memory.bandwidth_gbps,100,/workspace/traces/strided.trace,3.5,4,0,16,32,64,8,4,512.0,64.0,8.0,12.0,180,100,6999888,1750144,3.999606889,0.2500245718,0.0005000411429,999984,0,999984,332333,667651,0.3323383174,0,0,667651.0,667627.0,24.0,0.9999640531,0.0,0.0,24,0,1536,0,17,12.01627726,6.106213546,0.003071747239,3.071747239e-05,1749972,0,14,0,0,158,172,9.827762744e-05,Compute,Memory stalls account for only 0% of cycles; the machine is limited by instruction issue.,Increase cpu.issue_width; Reduce the instruction count (vectorise the inner loop),1999968,0.075771353,26394777.46,0.0,7.999341768448768e-06,0.0,0.0,9.027828567249323e-05,0.999901722372559
bandwidth,strided,memory.bandwidth_gbps,200,/workspace/traces/strided.trace,3.5,4,0,16,32,64,8,4,512.0,64.0,8.0,12.0,180,200,6999888,1750142,3.99961146,0.2500242861,0.0005000405714,999984,0,999984,332333,667651,0.3323383174,0,0,667651.0,667627.0,24.0,0.9999640531,0.0,0.0,24,0,1536,0,0,12.01626026,6.10621081,0.003071750749,1.535875375e-05,1749972,0,14,0,0,156,170,9.713497533e-05,Compute,Memory stalls account for only 0% of cycles; the machine is limited by instruction issue.,Increase cpu.issue_width; Reduce the instruction count (vectorise the inner loop),1999968,0.07537604,26533206.04,0.0,7.99935090981189e-06,0.0,0.0,8.913562442361819e-05,0.9999028650246665
bandwidth,matrix_naive,memory.bandwidth_gbps,3,/workspace/traces/matrix_naive.trace,3.5,4,0,16,32,64,8,4,512.0,64.0,8.0,12.0,180,3,35463168,9469217,3.74510036,0.2670155413,0.002705490571,14229504,0,14229504,6990648,7238856,0.491278403,36856,0,7238856.0,7225032.0,13824.0,0.998090306,2896.0,36856.0,13824,2896,884736,185344,10401136,10.87666661,13.39149573,0.3955216149,0.1318405383,8865792,0,16,0,273428,329981,603425,0.06372490988,Compute,Memory stalls account for only 6% of cycles; the machine is limited by instruction issue.,Increase cpu.issue_width; Reduce the instruction count (vectorise the inner loop),21307392,0.99033966,21515236.5,0.0,1.689685641378796e-06,0.0,0.028875460346932592,0.03484775985173853,0.9362750901156875
bandwidth,matrix_naive,memory.bandwidth_gbps,6,/workspace/traces/matrix_naive.trace,3.5,4,0,16,32,64,8,4,512.0,64.0,8.0,12.0,180,6,35463168,9165309,3.869282312,0.2584458614,0.002618659714,14229504,0,14229504,6990648,7238856,0.491278403,36856,0,7238856.0,7225032.0,13824.0,0.998090306,2896.0,36856.0,13824,2896,884736,185344,4221593,10.51774939,13.27830464,0.4086365228,0.06810608713,8865792,0,16,0,106978,192523,299517,0.03267942194,Compute,Memory stalls account for only 3% of cycles; the machine is limited by instruction issue.,Increase cpu.issue_width; Reduce the instruction count (vectorise the inner loop),21307392,0.986779961,21592850.32,0.0,1.745713101434987e-06,0.0,0.011672056010332003,0.021005620214223,0.9673205780623435
bandwidth,matrix_naive,memory.bandwidth_gbps,12,/workspace/traces/matrix_naive.trace,3.5,4,0,16,32,64,8,4,512.0,64.0,8.0,12.0,180,12,35463168,9015233,3.933694004,0.2542139777,0.002575780857,14229504,0,14229504,6990648,7238856,0.491278403,36856,0,7238856.0,7225032.0,13824.0,0.998090306,2896.0,36856.0,13824,2896,884736,185344,1168176,10.34033133,13.2193138,0.4154390685,0.03461992238,8865792,0,16,0,26694,122731,149441,0.01657649891,Compute,Memory stalls account for only 1% of cycles; the machine is limited by instruction issue.,Increase cpu.issue_width; Reduce the instruction count (vectorise the inner loop),21307392,0.985977831,21610416.92,0.0,1.7747738743968125e-06,0.0,0.0029609883626967822,0.0136137357736622,0.9834235010897666
bandwidth,matrix_naive,memory.bandwidth_gbps,25,/workspace/traces/matrix_naive.trace,3.5,4,0,16,32,64,8,4,512.0,64.0,8.0,12.0,180,25,35463168,8967428,3.95466437,0.2528659594,0.002562122286,14229504,0,14229504,6990648,7238856,0.491278403,36856,0,7238856.0,7225032.0,13824.0,0.998090306,2896.0,36856.0,13824,2896,884736,185344,153961,10.28423717,13.20077529,0.4176537576,0.0167061503,8865792,0,16,0,1271,100349,101636,0.01133390756,Compute,Memory stalls account for only 1% of cycles; the machine is limited by instruction issue.,Increase cpu.issue_width; Reduce the instruction count (vectorise the inner loop),21307392,0.980774047,21725077.32,0.0,1.7842351229360302e-06,0.0,0.0001417351775782309,0.011190388146969231,0.9886660924403295
bandwidth,matrix_naive,memory.bandwidth_gbps,50,/workspace/traces/matrix_naive.trace,3.5,4,0,16,32,64,8,4,512.0,64.0,8.0,12.0,180,50,35463168,8964365,3.956015624,0.2527795881,0.002561247143,14229504,0,14229504,6990648,7238856,0.491278403,36856,0,7238856.0,7225032.0,13824.0,0.998090306,2896.0,36856.0,13824,2896,884736,185344,80086,10.28098042,13.20011624,0.4177964641,0.008355929282,8865792,0,16,0,219,98338,98573,0.01099609398,Compute,Memory stalls account for only 1% of cycles; the machine is limited by instruction issue.,Increase cpu.issue_width; Reduce the instruction count (vectorise the inner loop),21307392,0.980466931,21731882.36,0.0,1.7848447714924594e-06,0.0,2.4430062809803038e-05,0.010969879071189091,0.9890039060212296
bandwidth,matrix_naive,memory.bandwidth_gbps,100,/workspace/traces/matrix_naive.trace,3.5,4,0,16,32,64,8,4,512.0,64.0,8.0,12.0,180,100,35463168,8963663,3.956325444,0.2527597929,0.002561046571,14229504,0,14229504,6990648,7238856,0.491278403,36856,0,7238856.0,7225032.0,13824.0,0.998090306,2896.0,36856.0,13824,2896,884736,185344,60009,10.28005663,13.19968354,0.4178291843,0.004178291843,8865792,0,16,0,108,97747,97871,0.01091863895,Compute,Memory stalls account for only 1% of cycles; the machine is limited by instruction issue.,Increase cpu.issue_width; Reduce the instruction count (vectorise the inner loop),21307392,0.981682368,21704975.76,0.0,1.7849845537477258e-06,0.0,1.2048645737797149e-05,0.010904805323448685,0.9890813610462598
bandwidth,matrix_naive,memory.bandwidth_gbps,200,/workspace/traces/matrix_naive.trace,3.5,4,0,16,32,64,8,4,512.0,64.0,8.0,12.0,180,200,35463168,8963221,3.956520541,0.2527473293,0.002560920286,14229504,0,14229504,6990648,7238856,0.491278403,36856,0,7238856.0,7225032.0,13824.0,0.998090306,2896.0,36856.0,13824,2896,884736,185344,49722,10.27955212,13.19953352,0.4178497886,0.002089248943,8865792,0,16,0,2,97411,97429,0.01086986475,Compute,Memory stalls account for only 1% of cycles; the machine is limited by instruction issue.,Increase cpu.issue_width; Reduce the instruction count (vectorise the inner loop),21307392,1.00567829,21187085.58,0.0,1.7850725760304247e-06,0.0,2.2313407200380309e-07,0.010867856543981232,0.9891301352493708
bandwidth,matrix_blocked,memory.bandwidth_gbps,3,/workspace/traces/matrix_blocked.trace,3.5,4,0,16,32,64,8,4,512.0,64.0,8.0,12.0,180,3,35831808,9358126,3.828951224,0.2611681219,0.002673750286,14598144,0,14598144,14515740,82404,0.9943551728,27044,0,82404.0,66396.0,16008.0,0.8057375856,2984.0,27044.0,16008,2984,1024512,190976,9056730,4.780465996,1.252704975,0.4546004189,0.151533473,8957952,0,0,0,307546,92628,400174,0.04276219405,Compute,Memory stalls account for only 4% of cycles; the machine is limited by instruction issue.,Increase cpu.issue_width; Reduce the instruction count (vectorise the inner loop),21676032,0.553005016,39196809.02,0.0,0.0,0.0,0.03286405846640663,0.009898135588257735,0.9572378059453356
bandwidth,matrix_blocked,memory.bandwidth_gbps,6,/workspace/traces/matrix_blocked.trace,3.5,4,0,16,32,64,8,4,512.0,64.0,8.0,12.0,180,6,35831808,9128906,3.925093324,0.2547710124,0.002608258857,14598144,0,14598144,14515740,82404,0.9943551728,27044,0,82404.0,66396.0,16008.0,0.8057375856,2984.0,27044.0,16008,2984,1024512,190976,3627798,4.464911293,0.7795521172,0.4660150953,0.07766918256,8957952,0,0,0,96445,74509,170954,0.01872666889,Compute,Memory stalls account for only 1% of cycles; the machine is limited by instruction issue.,Increase cpu.issue_width; Reduce the instruction count (vectorise the inner loop),21676032,0.528096091,41045620.99,0.0,0.0,0.0,0.010564792758299845,0.008161876132802769,0.9812733311088974
bandwidth,matrix_blocked,memory.bandwidth_gbps,12,/workspace/traces/matrix_blocked.trace,3.5,4,0,16,32,64,8,4,512.0,64.0,8.0,12.0,180,12,35831808,9046786,3.960722405,0.2524791939,0.002584796,14598144,0,14598144,14515740,82404,0.9943551728,27044,0,82404.0,66396.0,16008.0,0.8057375856,2984.0,27044.0,16008,2984,1024512,190976,1331482,4.336342825,0.5791666786,0.4702452341,0.03918710284,8957952,0,0,0,19944,68890,88834,0.009819398845,Compute,Memory stalls account for only 0% of cycles; the machine is limited by instruction issue.,Increase cpu.issue_width; Reduce the instruction count (vectorise the inner loop),21676032,0.520377355,41654449.01,0.0,0.0,0.0,0.002204539822208683,0.007614859022861821,0.9901806011549295
bandwidth,matrix_blocked,memory.bandwidth_gbps,25,/workspace/traces/matrix_blocked.trace,3.5,4,0,16,32,64,8,4,512.0,64.0,8.0,12.0,180,25,35831808,9019152,3.972857759,0.2517079797,0.002576900571,14598144,0,14598144,14515740,82404,0.9943551728,27044,0,82404.0,66396.0,16008.0,0.8057375856,2984.0,27044.0,16008,2984,1024512,190976,451708,4.286083217,0.4995924229,0.4716860299,0.0188674412,8957952,0,0,0,4253,56947,61200,0.006785560328,Compute,Memory stalls account for only 0% of cycles; the machine is limited by instruction issue.,Increase cpu.issue_width; Reduce the instruction count (vectorise the inner loop),21676032,0.519724548,41706769.64,0.0,0.0,0.0,0.0004715520927022851,0.006314008234920534,0.9932144396723772
bandwidth,matrix_blocked,memory.bandwidth_gbps,50,/workspace/traces/matrix_blocked.trace,3.5,4,0,16,32,64,8,4,512.0,64.0,8.0,12.0,180,50,35831808,9008983,3.977342171,0.2514241816,0.002573995143,14598144,0,14598144,14515740,82404,0.9943551728,27044,0,82404.0,66396.0,16008.0,0.8057375856,2984.0,27044.0,16008,2984,1024512,190976,200647,4.273249257,0.4793602119,0.4722184513,0.009444369026,8957952,0,0,0,653,50378,51031,0.005664457353,Compute,Memory stalls account for only 0% of cycles; the machine is limited by instruction issue.,Increase cpu.issue_width; Reduce the instruction count (vectorise the inner loop),21676032,0.520313648,41659549.16,0.0,0.0,0.0,7.248320925902514e-05,0.005591974144029354,0.9943355426467116
bandwidth,matrix_blocked,memory.bandwidth_gbps,100,/workspace/traces/matrix_blocked.trace,3.5,4,0,16,32,64,8,4,512.0,64.0,8.0,12.0,180,100,35831808,9003883,3.979595026,0.2512818499,0.002572538,14598144,0,14598144,14515740,82404,0.9943551728,27044,0,82404.0,66396.0,16008.0,0.8057375856,2984.0,27044.0,16008,2984,1024512,190976,102109,4.267810894,0.4708144253,0.4724859263,0.004724859263,8957952,0,0,0,0,45931,45931,0.005101243541,Compute,Memory stalls account for only 0% of cycles; the machine is limited by instruction issue.,Increase cpu.issue_width; Reduce the instruction count (vectorise the inner loop),21676032,0.510884589,42428431.91,0.0,0.0,0.0,0.0,0.0051012435412588104,0.9948987564587412
bandwidth,matrix_blocked,memory.bandwidth_gbps,200,/workspace/traces/matrix_blocked.trace,3.5,4,0,16,32,64,8,4,512.0,64.0,8.0,12.0,180,200,35831808,9001555,3.980624237,0.2512168797,0.002571872857,14598144,0,14598144,14515740,82404,0.9943551728,27044,0,82404.0,66396.0,16008.0,0.8057375856,2984.0,27044.0,16008,2984,1024512,190976,56569,4.26533236,0.4669166605,0.4726081216,0.002363040608,8957952,0,0,0,1,43602,43603,0.004843940852,Compute,Memory stalls account for only 0% of cycles; the machine is limited by instruction issue.,Increase cpu.issue_width; Reduce the instruction count (vectorise the inner loop),21676032,0.518353495,41817084.69,0.0,0.0,0.0,1.1109191689658064e-07,0.004843829760524709,0.9951560591475584
blocking,matrix_naive,l2.size_kb,64,/workspace/traces/matrix_naive.trace,3.5,4,0,16,32,64,8,4,64.0,64.0,8.0,12.0,180,50,35463168,89249023,0.3973507699,2.516668082,0.02549972086,14229504,0,14229504,6990648,7238856,0.491278403,36856,0,7238856.0,6984.0,7231872.0,0.000964793332,36856.0,36856.0,7231872,36856,462839808,2358784,9830831,102.2208293,15.98436665,18.24328174,0.3648656349,8865792,0,0,196,40942,80342093,80383231,0.9006623075,Memory-level parallelism,Waiting for a free MSHR costs 90% of cycles: the misses are independent but too few can be in flight at once.,Increase cpu.mshrs; Reduce memory.latency_cycles to shorten MSHR occupancy; Improve locality so fewer misses need to be tracked,21307392,1.184495233,17988584.0,0.0,0.0,2.1961024716203337e-06,0.0004587389152708148,0.9002013725125035,0.09933769246975398
blocking,matrix_naive,l2.size_kb,128,/workspace/traces/matrix_naive.trace,3.5,4,0,16,32,64,8,4,128.0,64.0,8.0,12.0,180,50,35463168,18908583,1.875506377,0.533189336,0.005402452286,14229504,0,14229504,6990648,7238856,0.491278403,36856,0,7238856.0,6344580.0,894276.0,0.8764616951,4592.0,36856.0,894276,4592,57233664,293888,3749309,21.67060567,14.82921158,10.64841464,0.2129682928,8865792,0,16,0,47207,9995568,10042791,0.5311234057,Memory-level parallelism,Waiting for a free MSHR costs 52% of cycles: the misses are independent but too few can be in flight at once.,Increase cpu.mshrs; Reduce memory.latency_cycles to shorten MSHR occupancy; Improve locality so fewer misses need to be tracked,21307392,1.057185859,20154821.23,0.0,8.46176574944828e-07,0.0,0.002496591098338781,0.5286259684292578,0.4688765942958285
blocking,matrix_naive,l2.size_kb,256,/workspace/traces/matrix_naive.trace,3.5,4,0,16,32,64,8,4,256.0,64.0,8.0,12.0,180,50,35463168,18908987,1.875466306,0.5332007281,0.005402567714,14229504,0,14229504,6990648,7238856,0.491278403,36856,0,7238856.0,6344904.0,893952.0,0.8765064535,4584.0,36856.0,893952,4584,57212928,293376,3761632,21.66871537,14.82747225,10.64425418,0.2128850837,8865792,0,16,0,45916,9997263,10043195,0.5311334235,Memory-level parallelism,Waiting for a free MSHR costs 52% of cycles: the misses are independent but too few can be in flight at once.,Increase cpu.mshrs; Reduce memory.latency_cycles to shorten MSHR occupancy; Improve locality so fewer misses need to be tracked,21307392,1.060699546,20088056.11,0.0,8.461584959575042e-07,0.0,0.002428263343774048,0.5287043139857254,0.4688665765120046
blocking,matrix_naive,l2.size_kb,512,/workspace/traces/matrix_naive.trace,3.5,4,0,16,32,64,8,4,512.0,64.0,8.0,12.0,180,50,35463168,8964365,3.956015624,0.2527795881,0.002561247143,14229504,0,14229504,6990648,7238856,0.491278403,36856,0,7238856.0,7225032.0,13824.0,0.998090306,2896.0,36856.0,13824,2896,884736,185344,80086,10.28098042,13.20011624,0.4177964641,0.008355929282,8865792,0,16,0,219,98338,98573,0.01099609398,Compute,Memory stalls account for only 1% of cycles; the machine is limited by instruction issue.,Increase cpu.issue_width; Reduce the instruction count (vectorise the inner loop),21307392,1.0293438,20699976.04,0.0,1.7848447714924594e-06,0.0,2.4430062809803038e-05,0.010969879071189091,0.9890039060212296
blocking,matrix_naive,l2.size_kb,1024,/workspace/traces/matrix_naive.trace,3.5,4,0,16,32,64,8,4,1024.0,64.0,8.0,12.0,180,50,35463168,8964323,3.956034159,0.2527784038,0.002561235143,14229504,0,14229504,6990648,7238856,0.491278403,36856,0,7238856.0,7225032.0,13824.0,0.998090306,0.0,36856.0,13824,0,884736,0,19548,10.2809034,13.20005582,0.3454333361,0.006908666723,8865792,0,16,0,219,98296,98531,0.01099146026,Compute,Memory stalls account for only 1% of cycles; the machine is limited by instruction issue.,Increase cpu.issue_width; Reduce the instruction count (vectorise the inner loop),21307392,0.977858444,21789853.26,0.0,1.7848531339176422e-06,0.0,2.4430177270497728e-05,0.010965245228223034,0.9890085397413726
blocking,matrix_naive,l2.size_kb,2048,/workspace/traces/matrix_naive.trace,3.5,4,0,16,32,64,8,4,2048.0,64.0,8.0,12.0,180,50,35463168,8964323,3.956034159,0.2527784038,0.002561235143,14229504,0,14229504,6990648,7238856,0.491278403,36856,0,7238856.0,7225032.0,13824.0,0.998090306,0.0,36856.0,13824,0,884736,0,19548,10.2809034,13.20005582,0.3454333361,0.006908666723,8865792,0,16,0,219,98296,98531,0.01099146026,Compute,Memory stalls account for only 1% of cycles; the machine is limited by instruction issue.,Increase cpu.issue_width; Reduce the instruction count (vectorise the inner loop),21307392,1.009990716,21096621.64,0.0,1.7848531339176422e-06,0.0,2.4430177270497728e-05,0.010965245228223034,0.9890085397413726
blocking,matrix_blocked,l2.size_kb,64,/workspace/traces/matrix_blocked.trace,3.5,4,0,16,32,64,8,4,64.0,64.0,8.0,12.0,180,50,35831808,9198246,3.895504426,0.2567061645,0.002628070286,14598144,0,14598144,14515740,82404,0.9943551728,27044,0,82404.0,24036.0,58368.0,0.2916848697,4352.0,27044.0,58368,4352,3735552,278528,639926,4.819176808,1.335915239,1.527386852,0.03054773704,8957952,0,0,0,5224,235070,240294,0.02612389362,Compute,Memory stalls account for only 2% of cycles; the machine is limited by instruction issue.,Increase cpu.issue_width; Reduce the instruction count (vectorise the inner loop),21676032,0.529783613,40914878.2,0.0,0.0,0.0,0.0005679343648778256,0.025555959255710272,0.9738761063794119
blocking,matrix_blocked,l2.size_kb,128,/workspace/traces/matrix_blocked.trace,3.5,4,0,16,32,64,8,4,128.0,64.0,8.0,12.0,180,50,35831808,9188639,3.899577293,0.2564380508,0.002625325429,14598144,0,14598144,14515740,82404,0.9943551728,27044,0,82404.0,39328.0,43076.0,0.4772583855,4352.0,27044.0,43076,4352,2756864,278528,675628,4.630557898,1.037649972,1.156196473,0.02312392945,8957952,0,0,0,6204,224483,230687,0.02510567669,Compute,Memory stalls account for only 2% of cycles; the machine is limited by instruction issue.,Increase cpu.issue_width; Reduce the instruction count (vectorise the inner loop),21676032,0.593222416,36539468.87,0.0,0.0,0.0,0.0006751816019760924,0.024430495092907664,0.9748943233051163
blocking,matrix_blocked,l2.size_kb,256,/workspace/traces/matrix_blocked.trace,3.5,4,0,16,32,64,8,4,256.0,64.0,8.0,12.0,180,50,35831808,9183305,3.901842311,0.2562891886,0.002623801429,14598144,0,14598144,14515740,82404,0.9943551728,27044,0,82404.0,45540.0,36864.0,0.5526430756,4008.0,27044.0,36864,4008,2359296,256512,666981,4.555677283,0.9192194967,0.9969534933,0.01993906987,8957952,0,0,0,5856,219497,225353,0.02453942235,Compute,Memory stalls account for only 2% of cycles; the machine is limited by instruction issue.,Increase cpu.issue_width; Reduce the instruction count (vectorise the inner loop),21676032,0.53541839,40484287.44,0.0,0.0,0.0,0.0006376789184286049,0.02390174343550606,0.9754605776460653
blocking,matrix_blocked,l2.size_kb,512,/workspace/traces/matrix_blocked.trace,3.5,4,0,16,32,64,8,4,512.0,64.0,8.0,12.0,180,50,35831808,9008983,3.977342171,0.2514241816,0.002573995143,14598144,0,14598144,14515740,82404,0.9943551728,27044,0,82404.0,66396.0,16008.0,0.8057375856,2984.0,27044.0,16008,2984,1024512,190976,200647,4.273249257,0.4793602119,0.4722184513,0.009444369026,8957952,0,0,0,653,50378,51031,0.005664457353,Compute,Memory stalls account for only 0% of cycles; the machine is limited by instruction issue.,Increase cpu.issue_width; Reduce the instruction count (vectorise the inner loop),21676032,0.597607453,36271354.87,0.0,0.0,0.0,7.248320925902514e-05,0.005591974144029354,0.9943355426467116
blocking,matrix_blocked,l2.size_kb,1024,/workspace/traces/matrix_blocked.trace,3.5,4,0,16,32,64,8,4,1024.0,64.0,8.0,12.0,180,50,35831808,8994398,3.983791689,0.251017141,0.002569828,14598144,0,14598144,14515740,82404,0.9943551728,27044,0,82404.0,68580.0,13824.0,0.8322411533,0.0,27044.0,13824,0,884736,0,64463,4.242608307,0.4304064597,0.3442782941,0.006885565882,8957952,0,0,0,583,35863,36446,0.004052077749,Compute,Memory stalls account for only 0% of cycles; the machine is limited by instruction issue.,Increase cpu.issue_width; Reduce the instruction count (vectorise the inner loop),21676032,0.530698559,40844339.28,0.0,0.0,0.0,6.481812345862391e-05,0.003987259625380153,0.9959479222511612
blocking,matrix_blocked,l2.size_kb,2048,/workspace/traces/matrix_blocked.trace,3.5,4,0,16,32,64,8,4,2048.0,64.0,8.0,12.0,180,50,35831808,8994398,3.983791689,0.251017141,0.002569828,14598144,0,14598144,14515740,82404,0.9943551728,27044,0,82404.0,68580.0,13824.0,0.8322411533,0.0,27044.0,13824,0,884736,0,64463,4.242608307,0.4304064597,0.3442782941,0.006885565882,8957952,0,0,0,583,35863,36446,0.004052077749,Compute,Memory stalls account for only 0% of cycles; the machine is limited by instruction issue.,Increase cpu.issue_width; Reduce the instruction count (vectorise the inner loop),21676032,0.575457476,37667478.32,0.0,0.0,0.0,6.481812345862391e-05,0.003987259625380153,0.9959479222511612
dram_latency,sequential,memory.latency_cycles,60,/workspace/traces/sequential.trace,3.5,4,0,16,32,64,8,4,512.0,64.0,8.0,12.0,60,50,4000000,1000068,3.999728018,0.250017,0.0002857337143,1000000,0,1000000,875000,125000,0.875,0,0,125000.0,0.0,125000.0,0.0,0.0,0.0,125000,0,8000000,0,0,13.0,9.499354044,27.99809613,0.5599619226,1000000,0,0,68,0,0,68,6.799537631e-05,Compute,Memory stalls account for only 0% of cycles; the machine is limited by instruction issue.,Increase cpu.issue_width; Reduce the instruction count (vectorise the inner loop),2000000,0.047045232,42512278.4,0.0,0.0,6.799537631441062e-05,0.0,0.0,0.9999320046236856
dram_latency,sequential,memory.latency_cycles,90,/workspace/traces/sequential.trace,3.5,4,0,16,32,64,8,4,512.0,64.0,8.0,12.0,90,50,4000000,1000098,3.999608038,0.2500245,0.0002857422857,1000000,0,1000000,875000,125000,0.875,0,0,125000.0,0.0,125000.0,0.0,0.0,0.0,125000,0,8000000,0,0,16.75,13.24870163,27.99725627,0.5599451254,1000000,0,0,98,0,0,98,9.799039694e-05,Compute,Memory stalls account for only 0% of cycles; the machine is limited by instruction issue.,Increase cpu.issue_width; Reduce the instruction count (vectorise the inner loop),2000000,0.063331985,31579619.68,0.0,0.0,9.799039694109977e-05,0.0,0.0,0.9999020096030589
dram_latency,sequential,memory.latency_cycles,120,/workspace/traces/sequential.trace,3.5,4,0,16,32,64,8,4,512.0,64.0,8.0,12.0,120,50,4000000,1062624,3.76426657,0.265656,0.0003036068571,1000000,0,1000000,875000,125000,0.875,0,0,125000.0,0.0,125000.0,0.0,0.0,0.0,125000,0,8000000,0,0,20.5,15.99813292,26.34986599,0.5269973198,1000000,0,0,128,0,62496,62624,0.05893335742,Compute,Memory stalls account for only 5% of cycles; the machine is limited by instruction issue.,Increase cpu.issue_width; Reduce the instruction count (vectorise the inner loop),2000000,0.046186871,43302348.84,0.0,0.0,0.00012045653024964615,0.0,0.05881290089438974,0.9410666425753607
dram_latency,sequential,memory.latency_cycles,180,/workspace/traces/sequential.trace,3.5,4,0,16,32,64,8,4,512.0,64.0,8.0,12.0,180,50,4000000,1531404,2.611982207,0.382851,0.000437544,1000000,0,1000000,875000,125000,0.875,0,0,125000.0,0.0,125000.0,0.0,0.0,0.0,125000,0,8000000,0,0,28.0,15.99839102,18.28387545,0.365677509,1000000,0,0,188,0,531216,531404,0.3470044482,Memory-level parallelism,Waiting for a free MSHR costs 34% of cycles: the misses are independent but too few can be in flight at once.,Increase cpu.mshrs; Reduce memory.latency_cycles to shorten MSHR occupancy; Improve locality so fewer misses need to be tracked,2000000,0.045465861,43989049.28,0.0,0.0,0.00012276316373732862,0.0,0.3468816850419615,0.6529955517943011
dram_latency,sequential,memory.latency_cycles,240,/workspace/traces/sequential.trace,3.5,4,0,16,32,64,8,4,512.0,64.0,8.0,12.0,240,50,4000000,2000184,1.999816017,0.500046,0.0005714811429,1000000,0,1000000,875000,125000,0.875,0,0,125000.0,0.0,125000.0,0.0,0.0,0.0,125000,0,8000000,0,0,35.5,15.99852814,13.99871212,0.2799742424,1000000,0,0,248,0,999936,1000184,0.5000459958,Memory-level parallelism,Waiting for a free MSHR costs 49% of cycles: the misses are independent but too few can be in flight at once.,Increase cpu.mshrs; Reduce memory.latency_cycles to shorten MSHR occupancy; Improve locality so fewer misses need to be tracked,2000000,0.045443539,44010656.83,0.0,0.0,0.00012398859304943945,0.0,0.49992200717533986,0.4999540042316107
dram_latency,sequential,memory.latency_cycles,300,/workspace/traces/sequential.trace,3.5,4,0,16,32,64,8,4,512.0,64.0,8.0,12.0,300,50,4000000,2468964,1.620112727,0.617241,0.0007054182857,1000000,0,1000000,875000,125000,0.875,0,0,125000.0,0.0,125000.0,0.0,0.0,0.0,125000,0,8000000,0,0,43.0,15.99861318,11.34078909,0.2268157818,1000000,0,0,308,0,1468656,1468964,0.5949718181,Memory-level parallelism,Waiting for a free MSHR costs 59% of cycles: the misses are independent but too few can be in flight at once.,Increase cpu.mshrs; Reduce memory.latency_cycles to shorten MSHR occupancy; Improve locality so fewer misses need to be tracked,2000000,0.045221909,44226350.55,0.0,0.0,0.00012474868001315532,0.0,0.5948470694590929,0.4050281818608939
dram_latency,random_access,memory.latency_cycles,60,/workspace/traces/random_access.trace,3.5,4,0,16,32,64,8,4,512.0,64.0,8.0,12.0,60,50,10000000,4672736,2.140073824,0.4672736,0.001335067429,1000000,0,1000000,4075,995925,0.004075,0,0,995925.0,61021.0,934904.0,0.06127067801,0.0,0.0,934904,0,59833856,0,2251355,74.296695,15.8965529,44.81710415,0.8963420831,2500000,0,0,77,11408,2161251,2172736,0.464981544,DRAM bandwidth,"DRAM is delivering 89% of its configured bandwidth, so requests are queueing behind the bus.",Increase memory.bandwidth_gbps; Reduce DRAM traffic by improving locality (blocking/tiling); Increase last-level cache capacity to filter traffic,2000000,0.146793061,13624622.22,0.0,0.0,1.647856844469707e-05,0.00244139621840395,0.4625236692164933,0.5350184559966581
dram_latency,random_access,memory.latency_cycles,90,/workspace/traces/random_access.trace,3.5,4,0,16,32,64,8,4,512.0,64.0,8.0,12.0,90,50,10000000,6339820,1.577331849,0.633982,0.001811377143,1000000,0,1000000,4075,995925,0.004075,0,0,995925.0,61021.0,934904.0,0.06127067801,0.0,0.0,934904,0,59833856,0,1026815,101.119275,15.94729424,33.03224634,0.6606449268,2500000,0,0,104,4986,3834730,3839820,0.6056670379,Memory-level parallelism,Waiting for a free MSHR costs 60% of cycles: the misses are independent but too few can be in flight at once.,Increase cpu.mshrs; Reduce memory.latency_cycles to shorten MSHR occupancy; Improve locality so fewer misses need to be tracked,2000000,0.153914243,12994249.01,0.0,0.0,1.640425122479818e-05,0.0007864576596811897,0.6048641759545224,0.39433296213457164
dram_latency,random_access,memory.latency_cycles,120,/workspace/traces/random_access.trace,3.5,4,0,16,32,64,8,4,512.0,64.0,8.0,12.0,120,50,10000000,8064920,1.239937904,0.806492,0.002304262857,1000000,0,1000000,4075,995925,0.004075,0,0,995925.0,61021.0,934904.0,0.06127067801,0.0,0.0,934904,0,59833856,0,679695,128.819275,15.97076908,25.9665931,0.5193318619,2500000,0,0,133,4656,5560131,5564920,0.690015524,Memory-level parallelism,Waiting for a free MSHR costs 68% of cycles: the misses are independent but too few can be in flight at once.,Increase cpu.mshrs; Reduce memory.latency_cycles to shorten MSHR occupancy; Improve locality so fewer misses need to be tracked,2000000,0.135714363,14736833.71,0.0,0.0,1.649117412199997e-05,0.0005773150880603899,0.6894217177603745,0.30998447597744305
dram_latency,random_access,memory.latency_cycles,180,/workspace/traces/random_access.trace,3.5,4,0,16,32,64,8,4,512.0,64.0,8.0,12.0,180,50,10000000,11547938,0.8659554632,1.1547938,0.003299410857,1000000,0,1000000,4075,995925,0.004075,0,0,995925.0,61021.0,934904.0,0.06127067801,0.0,0.0,934904,0,59833856,0,409279,184.643099,15.98785853,18.13470907,0.3626941814,2500000,0,0,195,3443,9044300,9047938,0.7835111342,Memory-level parallelism,Waiting for a free MSHR costs 78% of cycles: the misses are independent but too few can be in flight at once.,Increase cpu.mshrs; Reduce memory.latency_cycles to shorten MSHR occupancy; Improve locality so fewer misses need to be tracked,2000000,0.133548983,14975778.59,0.0,0.0,1.6886131532746365e-05,0.00029814846598587557,0.7831960995980408,0.21648886580444057
dram_latency,random_access,memory.latency_cycles,240,/workspace/traces/random_access.trace,3.5,4,0,16,32,64,8,4,512.0,64.0,8.0,12.0,240,50,10000000,15043439,0.6647416193,1.5043439,0.004298125429,1000000,0,1000000,4075,995925,0.004075,0,0,995925.0,61021.0,934904.0,0.06127067801,0.0,0.0,934904,0,59833856,0,288947,240.617007,15.99373036,13.92091901,0.2784183803,2500000,0,0,253,2665,12540521,12543439,0.8338145952,Memory-level parallelism,Waiting for a free MSHR costs 83% of cycles: the misses are independent but too few can be in flight at once.,Increase cpu.mshrs; Reduce memory.latency_cycles to shorten MSHR occupancy; Improve locality so fewer misses need to be tracked,2000000,0.131580861,15199778.94,0.0,0.0,1.6817962967111445e-05,0.00017715364153103556,0.8336206235821477,0.16618540481335417
dram_latency,random_access,memory.latency_cycles,300,/workspace/traces/random_access.trace,3.5,4,0,16,32,64,8,4,512.0,64.0,8.0,12.0,300,50,10000000,18543728,0.5392658909,1.8543728,0.005298208,1000000,0,1000000,4075,995925,0.004075,0,0,995925.0,61021.0,934904.0,0.06127067801,0.0,0.0,934904,0,59833856,0,224787,296.647087,15.99628656,11.29322518,0.2258645036,2500000,0,0,313,2085,16041330,16043728,0.8651835273,Memory-level parallelism,Waiting for a free MSHR costs 86% of cycles: the misses are independent but too few can be in flight at once.,Increase cpu.mshrs; Reduce memory.latency_cycles to shorten MSHR occupancy; Improve locality so fewer misses need to be tracked,2000000,0.130377432,15340078.18,0.0,0.0,1.6879022384280013e-05,0.00011243693824672148,0.8650542113214775,0.13481647271789146
dram_latency,pointer_chase,memory.latency_cycles,60,/workspace/traces/pointer_chase.trace,3.5,4,0,16,32,64,8,4,512.0,64.0,8.0,12.0,60,50,3000000,73237504,0.04096261937,24.41250133,0.02092500114,1000000,1000000,1000000,3638,996362,0.003638,0,0,996362.0,54176.0,942186.0,0.05437381193,0.0,0.0,942186,0,60299904,0,0,72.487504,0.9895606491,2.881715685,0.0576343137,750000,14552,866816,71606136,0,0,72487504,0.9897593452,DRAM latency,"Waiting for DRAM costs 97% of cycles and the bus is not saturated, so the exposed latency is the problem.",Increase l2.size_kb to keep the working set on chip; Reduce memory.latency_cycles; Increase cpu.mshrs if the misses are independent,2000000,0.127071896,15739121.42,0.00019869601236000616,0.01183568462409642,0.97772496452091,0.0,0.0,0.010240654842633631
dram_latency,pointer_chase,memory.latency_cycles,90,/workspace/traces/pointer_chase.trace,3.5,4,0,16,32,64,8,4,512.0,64.0,8.0,12.0,90,50,3000000,101503084,0.02955575222,33.83436133,0.02900088114,1000000,1000000,1000000,3638,996362,0.003638,0,0,996362.0,54176.0,942186.0,0.05437381193,0.0,0.0,942186,0,60299904,0,0,100.753084,0.9924676968,2.079243858,0.04158487716,750000,14552,866816,99871716,0,0,100753084,0.9926110619,DRAM latency,"Waiting for DRAM costs 98% of cycles and the bus is not saturated, so the exposed latency is the problem.",Increase l2.size_kb to keep the working set on chip; Reduce memory.latency_cycles; Increase cpu.mshrs if the misses are independent,2000000,0.131042425,15262232.82,0.0001433651020889178,0.008539799638009028,0.9839278972055667,0.0,0.0,0.007388938054335373
dram_latency,pointer_chase,memory.latency_cycles,120,/workspace/traces/pointer_chase.trace,3.5,4,0,16,32,64,8,4,512.0,64.0,8.0,12.0,120,50,3000000,129768664,0.02311806185,43.25622133,0.03707676114,1000000,1000000,1000000,3638,996362,0.003638,0,0,996362.0,54176.0,942186.0,0.05437381193,0.0,0.0,942186,0,60299904,0,0,129.018664,0.9941083465,1.626353062,0.03252706123,750000,14552,866816,128137296,0,0,129018664,0.9942204845,DRAM latency,"Waiting for DRAM costs 98% of cycles and the bus is not saturated, so the exposed latency is the problem.",Increase l2.size_kb to keep the working set on chip; Reduce memory.latency_cycles; Increase cpu.mshrs if the misses are independent,2000000,0.139857087,14300312.15,0.0001121380119934039,0.006679701965645574,0.9874286445609088,0.0,0.0,0.005779515461452235
dram_latency,pointer_chase,memory.latency_cycles,180,/workspace/traces/pointer_chase.trace,3.5,4,0,16,32,64,8,4,512.0,64.0,8.0,12.0,180,50,3000000,186299824,0.01610307479,62.09994133,0.05322852114,1000000,1000000,1000000,3638,996362,0.003638,0,0,996362.0,54176.0,942186.0,0.05437381193,0.0,0.0,942186,0,60299904,0,0,185.549824,0.9958961207,1.132849508,0.02265699016,750000,14552,866816,184668456,0,0,185549824,0.9959742313,DRAM latency,"Waiting for DRAM costs 99% of cycles and the bus is not saturated, so the exposed latency is the problem.",Increase l2.size_kb to keep the working set on chip; Reduce memory.latency_cycles; Increase cpu.mshrs if the misses are independent,2000000,0.127376163,15701524.94,7.811064813458976e-05,0.00465280096024138,0.9912433196930985,0.0,0.0,0.004025768698525448
dram_latency,pointer_chase,memory.latency_cycles,240,/workspace/traces/pointer_chase.trace,3.5,4,0,16,32,64,8,4,512.0,64.0,8.0,12.0,240,50,3000000,242830984,0.01235427189,80.94366133,0.06938028114,1000000,1000000,1000000,3638,996362,0.003638,0,0,996362.0,54176.0,942186.0,0.05437381193,0.0,0.0,942186,0,60299904,0,0,242.080984,0.9968515056,0.8691216439,0.01738243288,750000,14552,866816,241199616,0,0,242080984,0.996911432,DRAM latency,"Waiting for DRAM costs 99% of cycles and the bus is not saturated, so the exposed latency is the problem.",Increase l2.size_kb to keep the working set on chip; Reduce memory.latency_cycles; Increase cpu.mshrs if the misses are independent,2000000,0.130182837,15363008.26,5.9926454854706677e-05,0.0035696268479478714,0.9932818787243394,0.0,0.0,0.003088567972858027
dram_latency,pointer_chase,memory.latency_cycles,300,/workspace/traces/pointer_chase.trace,3.5,4,0,16,32,64,8,4,512.0,64.0,8.0,12.0,300,50,3000000,299362144,0.01002130717,99.78738133,0.08553204114,1000000,1000000,1000000,3638,996362,0.003638,0,0,996362.0,54176.0,942186.0,0.05437381193,0.0,0.0,942186,0,60299904,0,0,298.612144,0.9974460632,0.704997837,0.01409995674,750000,14552,866816,297730776,0,0,298612144,0.9974946732,DRAM latency,"Waiting for DRAM costs 99% of cycles and the bus is not saturated, so the exposed latency is the problem.",Increase l2.size_kb to keep the working set on chip; Reduce memory.latency_cycles; Increase cpu.mshrs if the misses are independent,2000000,0.126968306,15751962.54,4.861002064442724e-05,0.0028955431318663993,0.9945505200550675,0.0,0.0,0.00250532679242169
dram_latency,strided,memory.latency_cycles,60,/workspace/traces/strided.trace,3.5,4,0,16,32,64,8,4,512.0,64.0,8.0,12.0,60,50,6999888,1750028,3.999872002,0.2500080001,0.000500008,999984,0,999984,332333,667651,0.3323383174,0,0,667651.0,667627.0,24.0,0.9999640531,0.0,0.0,24,0,1536,0,269,12.01364922,6.105116604,0.003071950849,6.143901698e-05,1749972,0,14,0,0,42,56,3.199948801e-05,Compute,Memory stalls account for only 0% of cycles; the machine is limited by instruction issue.,Increase cpu.issue_width; Reduce the instruction count (vectorise the inner loop),1999968,0.07685844,26021449.3,0.0,7.999872002047968e-06,0.0,0.0,2.3999616006143903e-05,0.9999680005119919
dram_latency,strided,memory.latency_cycles,90,/workspace/traces/strided.trace,3.5,4,0,16,32,64,8,4,512.0,64.0,8.0,12.0,90,50,6999888,1750058,3.999803435,0.2500122859,0.0005000165714,999984,0,999984,332333,667651,0.3323383174,0,0,667651.0,667627.0,24.0,0.9999640531,0.0,0.0,24,0,1536,0,269,12.01436923,6.105423363,0.003071898189,6.143796377e-05,1749972,0,14,0,0,72,86,4.914122846e-05,Compute,Memory stalls account for only 0% of cycles; the machine is limited by instruction issue.,Increase cpu.issue_width; Reduce the instruction count (vectorise the inner loop),1999968,0.078071902,25617001.11,0.0,7.999734865930158e-06,0.0,0.0,4.114149359621224e-05,0.9999508587715379
dram_latency,strided,memory.latency_cycles,120,/workspace/traces/strided.trace,3.5,4,0,16,32,64,8,4,512.0,64.0,8.0,12.0,120,50,6999888,1750088,3.99973487,0.2500165717,0.0005000251429,999984,0,999984,332333,667651,0.3323383174,0,0,667651.0,667627.0,24.0,0.9999640531,0.0,0.0,24,0,1536,0,269,12.01508924,6.105730112,0.00307184553,6.14369106e-05,1749972,0,14,0,0,102,116,6.628238123e-05,Compute,Memory stalls account for only 0% of cycles; the machine is limited by instruction issue.,Increase cpu.issue_width; Reduce the instruction count (vectorise the inner loop),1999968,0.077675121,25747858.18,0.0,7.999597734513921e-06,0.0,0.0,5.828278349431571e-05,0.9999337176187711
dram_latency,strided,memory.latency_cycles,180,/workspace/traces/strided.trace,3.5,4,0,16,32,64,8,4,512.0,64.0,8.0,12.0,180,50,6999888,1750150,3.999593178,0.250025429,0.0005000428571,999984,0,999984,332333,667651,0.3323383174,0,0,667651.0,667627.0,24.0,0.9999640531,0.0,0.0,24,0,1536,0,269,12.01652926,6.1063366,0.003071736708,6.143473417e-05,1749972,0,14,0,0,164,178,0.0001017055681,Compute,Memory stalls account for only 0% of cycles; the machine is limited by instruction issue.,Increase cpu.issue_width; Reduce the instruction count (vectorise the inner loop),1999968,0.07788497,25678484.57,0.0,7.999314344484759e-06,0.0,0.0,9.37062537496786e-05,0.9998982944319058
dram_latency,strided,memory.latency_cycles,240,/workspace/traces/strided.trace,3.5,4,0,16,32,64,8,4,512.0,64.0,8.0,12.0,240,50,6999888,1750211,3.99945378,0.2500341434,0.0005000602857,999984,0,999984,332333,667651,0.3323383174,0,0,667651.0,667627.0,24.0,0.9999640531,0.0,0.0,24,0,1536,0,269,12.01796929,6.106946534,0.003071629649,6.143259298e-05,1749972,0,14,0,0,225,239,0.0001365549639,Compute,Memory stalls account for only 0% of cycles; the machine is limited by instruction issue.,Increase cpu.issue_width; Reduce the instruction count (vectorise the inner loop),1999968,0.0776283,25763387.84,0.0,7.999035544857164e-06,0.0,0.0,0.00012855592839949013,0.9998634450360556
dram_latency,strided,memory.latency_cycles,300,/workspace/traces/strided.trace,3.5,4,0,16,32,64,8,4,512.0,64.0,8.0,12.0,300,50,6999888,1750272,3.999314392,0.2500428578,0.0005000777143,999984,0,999984,332333,667651,0.3323383174,0,0,667651.0,667627.0,24.0,0.9999640531,0.0,0.0,24,0,1536,0,269,12.01940931,6.107556426,0.003071522598,6.143045195e-05,1749972,0,14,0,0,286,300,0.0001714019307,Compute,Memory stalls account for only 0% of cycles; the machine is limited by instruction issue.,Increase cpu.issue_width; Reduce the instruction count (vectorise the inner loop),1999968,0.077393174,25841658.85,0.0,7.998756764662864e-06,0.0,0.0,0.00016340317390668423,0.9998285980693287
dram_latency,matrix_naive,memory.latency_cycles,60,/workspace/traces/matrix_naive.trace,3.5,4,0,16,32,64,8,4,512.0,64.0,8.0,12.0,60,50,35463168,8896676,3.986114365,0.2508708754,0.002541907429,14229504,0,14229504,6990648,7238856,0.491278403,36856,0,7238856.0,7225032.0,13824.0,0.998090306,2896.0,36856.0,13824,2896,884736,185344,80771,10.16444825,13.11416365,0.4209752047,0.008419504093,8865792,0,16,0,419,30449,30884,0.003471408872,Compute,Memory stalls account for only 0% of cycles; the machine is limited by instruction issue.,Increase cpu.issue_width; Reduce the instruction count (vectorise the inner loop),21307392,1.027504883,20737022.62,0.0,1.798424490225338e-06,0.0,4.709624133777604e-05,0.0034225142064294575,0.9965285911277425
dram_latency,matrix_naive,memory.latency_cycles,90,/workspace/traces/matrix_naive.trace,3.5,4,0,16,32,64,8,4,512.0,64.0,8.0,12.0,90,50,35463168,8913525,3.978579518,0.251345988,0.002546721429,14229504,0,14229504,6990648,7238856,0.491278403,36856,0,7238856.0,7225032.0,13824.0,0.998090306,2896.0,36856.0,13824,2896,884736,185344,80086,10.19354519,13.13582449,0.4201794464,0.008403588928,8865792,0,16,0,317,47400,47733,0.005355120449,Compute,Memory stalls account for only 0% of cycles; the machine is limited by instruction issue.,Increase cpu.issue_width; Reduce the instruction count (vectorise the inner loop),21307392,1.033991495,20606931.59,0.0,1.7950249760897064e-06,0.0,3.5563932338777306e-05,0.005317761491665755,0.9946448795510193
dram_latency,matrix_naive,memory.latency_cycles,120,/workspace/traces/matrix_naive.trace,3.5,4,0,16,32,64,8,4,512.0,64.0,8.0,12.0,120,50,35463168,8930953,3.970815657,0.2518374275,0.002551700857,14229504,0,14229504,6990648,7238856,0.491278403,36856,0,7238856.0,7225032.0,13824.0,0.998090306,2896.0,36856.0,13824,2896,884736,185344,80086,10.22269026,13.15662729,0.4193595017,0.008387190034,8865792,0,16,0,310,64835,65161,0.007296085871,Compute,Memory stalls account for only 0% of cycles; the machine is limited by instruction issue.,Increase cpu.issue_width; Reduce the instruction count (vectorise the inner loop),21307392,1.001521765,21275016.42,0.0,1.7915221365513847e-06,0.0,3.471074139568308e-05,0.0072595836077068146,0.9927039141287609
dram_latency,matrix_naive,memory.latency_cycles,180,/workspace/traces/matrix_naive.trace,3.5,4,0,16,32,64,8,4,512.0,64.0,8.0,12.0,180,50,35463168,8964365,3.956015624,0.2527795881,0.002561247143,14229504,0,14229504,6990648,7238856,0.491278403,36856,0,7238856.0,7225032.0,13824.0,0.998090306,2896.0,36856.0,13824,2896,884736,185344,80086,10.28098042,13.20011624,0.4177964641,0.008355929282,8865792,0,16,0,219,98338,98573,0.01099609398,Compute,Memory stalls account for only 1% of cycles; the machine is limited by instruction issue.,Increase cpu.issue_width; Reduce the instruction count (vectorise the inner loop),21307392,1.078939764,19748453.72,0.0,1.7848447714924594e-06,0.0,2.4430062809803038e-05,0.010969879071189091,0.9890039060212296
dram_latency,matrix_naive,memory.latency_cycles,240,/workspace/traces/matrix_naive.trace,3.5,4,0,16,32,64,8,4,512.0,64.0,8.0,12.0,240,50,35463168,8998540,3.940991316,0.253743264,0.002571011429,14229504,0,14229504,6990648,7238856,0.491278403,36856,0,7238856.0,7225032.0,13824.0,0.998090306,2896.0,36856.0,13824,2896,884736,185344,80086,10.33927057,13.24215928,0.4162097407,0.008324194814,8865792,0,16,0,152,132580,132748,0.01475217091,Compute,Memory stalls account for only 1% of cycles; the machine is limited by instruction issue.,Increase cpu.issue_width; Reduce the instruction count (vectorise the inner loop),21307392,0.992597849,21466288.71,0.0,1.7780662196311845e-06,0.0,1.6891629086496255e-05,0.014733501212418903,0.9852478290922749
dram_latency,matrix_naive,memory.latency_cycles,300,/workspace/traces/matrix_naive.trace,3.5,4,0,16,32,64,8,4,512.0,64.0,8.0,12.0,300,50,35463168,9032569,3.926144157,0.2547028229,0.002580734,14229504,0,14229504,6990648,7238856,0.491278403,36856,0,7238856.0,7225032.0,13824.0,0.998090306,2896.0,36856.0,13824,2896,884736,185344,80086,10.39756073,13.28409891,0.414641726,0.008292834519,8865792,0,16,0,127,166634,166777,0.01846396081,Compute,Memory stalls account for only 1% of cycles; the machine is limited by instruction issue.,Increase cpu.issue_width; Reduce the instruction count (vectorise the inner loop),21307392,0.998476212,21339909.5,0.0,1.7713675920992135e-06,0.0,1.4060230262287506e-05,0.018448129208866272,0.9815360391932794
dram_latency,matrix_blocked,memory.latency_cycles,60,/workspace/traces/matrix_blocked.trace,3.5,4,0,16,32,64,8,4,512.0,64.0,8.0,12.0,60,50,35831808,8980465,3.989972457,0.2506282965,0.002565847143,14598144,0,14598144,14515740,82404,0.9943551728,27044,0,82404.0,66396.0,16008.0,0.8057375856,2984.0,27044.0,16008,2984,1024512,190976,208073,4.141915438,0.2673935036,0.473718009,0.009474360181,8957952,0,0,0,1928,20585,22513,0.002506885779,Compute,Memory stalls account for only 0% of cycles; the machine is limited by instruction issue.,Increase cpu.issue_width; Reduce the instruction count (vectorise the inner loop),21676032,0.528930989,40980832.0,0.0,0.0,0.0,0.00021468821491982875,0.002292197564380018,0.9974931142207002
dram_latency,matrix_blocked,memory.latency_cycles,90,/workspace/traces/matrix_blocked.trace,3.5,4,0,16,32,64,8,4,512.0,64.0,8.0,12.0,90,50,35831808,8987616,3.986797834,0.2508278678,0.002567890286,14598144,0,14598144,14515740,82404,0.9943551728,27044,0,82404.0,66396.0,16008.0,0.8057375856,2984.0,27044.0,16008,2984,1024512,190976,204928,4.17470214,0.3204345847,0.4733410951,0.009466821902,8957952,0,0,0,1516,28148,29664,0.003300541545,Compute,Memory stalls account for only 0% of cycles; the machine is limited by instruction issue.,Increase cpu.issue_width; Reduce the instruction count (vectorise the inner loop),21676032,0.528038501,41050097.6,0.0,0.0,0.0,0.00016867654336811898,0.0031318650017980298,0.9966994584548339
dram_latency,matrix_blocked,memory.latency_cycles,120,/workspace/traces/matrix_blocked.trace,3.5,4,0,16,32,64,8,4,512.0,64.0,8.0,12.0,120,50,35831808,8994747,3.983637116,0.2510268809,0.002569927714,14598144,0,14598144,14515740,82404,0.9943551728,27044,0,82404.0,66396.0,16008.0,0.8057375856,2984.0,27044.0,16008,2984,1024512,190976,201868,4.207494665,0.3734016087,0.4729658322,0.009459316643,8957952,0,0,0,1085,35710,36795,0.004090720951,Compute,Memory stalls account for only 0% of cycles; the machine is limited by instruction issue.,Increase cpu.issue_width; Reduce the instruction count (vectorise the inner loop),21676032,0.525367683,41258784.47,0.0,0.0,0.0,0.00012062596090807223,0.003970094989886875,0.995909279049205
dram_latency,matrix_blocked,memory.latency_cycles,180,/workspace/traces/matrix_blocked.trace,3.5,4,0,16,32,64,8,4,512.0,64.0,8.0,12.0,180,50,35831808,9008983,3.977342171,0.2514241816,0.002573995143,14598144,0,14598144,14515740,82404,0.9943551728,27044,0,82404.0,66396.0,16008.0,0.8057375856,2984.0,27044.0,16008,2984,1024512,190976,200647,4.273249257,0.4793602119,0.4722184513,0.009444369026,8957952,0,0,0,653,50378,51031,0.005664457353,Compute,Memory stalls account for only 0% of cycles; the machine is limited by instruction issue.,Increase cpu.issue_width; Reduce the instruction count (vectorise the inner loop),21676032,0.525434169,41253563.77,0.0,0.0,0.0,7.248320925902514e-05,0.005591974144029354,0.9943355426467116
dram_latency,matrix_blocked,memory.latency_cycles,240,/workspace/traces/matrix_blocked.trace,3.5,4,0,16,32,64,8,4,512.0,64.0,8.0,12.0,240,50,35831808,9023203,3.97107413,0.2518210357,0.002578058,14598144,0,14598144,14515740,82404,0.9943551728,27044,0,82404.0,66396.0,16008.0,0.8057375856,2984.0,27044.0,16008,2984,1024512,190976,200647,4.339043922,0.5850503419,0.4714742647,0.009429485295,8957952,0,0,0,355,64896,65251,0.007231467584,Compute,Memory stalls account for only 0% of cycles; the machine is limited by instruction issue.,Increase cpu.issue_width; Reduce the instruction count (vectorise the inner loop),21676032,0.525535901,41245578.01,0.0,0.0,0.0,3.93430137834647e-05,0.0071921245703992255,0.9927685324158173
dram_latency,matrix_blocked,memory.latency_cycles,300,/workspace/traces/matrix_blocked.trace,3.5,4,0,16,32,64,8,4,512.0,64.0,8.0,12.0,300,50,35831808,9038532,3.964339342,0.2522488399,0.002582437714,14598144,0,14598144,14515740,82404,0.9943551728,27044,0,82404.0,66396.0,16008.0,0.8057375856,2984.0,27044.0,16008,2984,1024512,190976,196943,4.404597393,0.6899336087,0.4706746627,0.009413493253,8957952,0,0,0,395,80185,80580,0.008915164542,Compute,Memory stalls account for only 0% of cycles; the machine is limited by instruction issue.,Increase cpu.issue_width; Reduce the instruction count (vectorise the inner loop),21676032,0.53288674,40676621.08,0.0,0.0,0.0,4.370178697160114e-05,0.00887146275523503,0.9910848354577934
l1_capacity,sequential,l1.size_kb,8,/workspace/traces/sequential.trace,3.5,4,0,16,8,64,8,4,512.0,64.0,8.0,12.0,180,50,4000000,1531404,2.611982207,0.382851,0.000437544,1000000,0,1000000,875000,125000,0.875,0,0,125000.0,0.0,125000.0,0.0,0.0,0.0,125000,0,8000000,0,0,28.0,15.99839102,18.28387545,0.365677509,1000000,0,0,188,0,531216,531404,0.3470044482,Memory-level parallelism,Waiting for a free MSHR costs 34% of cycles: the misses are independent but too few can be in flight at once.,Increase cpu.mshrs; Reduce memory.latency_cycles to shorten MSHR occupancy; Improve locality so fewer misses need to be tracked,2000000,0.04607061,43411624.03,0.0,0.0,0.00012276316373732862,0.0,0.3468816850419615,0.6529955517943011
l1_capacity,sequential,l1.size_kb,16,/workspace/traces/sequential.trace,3.5,4,0,16,16,64,8,4,512.0,64.0,8.0,12.0,180,50,4000000,1531404,2.611982207,0.382851,0.000437544,1000000,0,1000000,875000,125000,0.875,0,0,125000.0,0.0,125000.0,0.0,0.0,0.0,125000,0,8000000,0,0,28.0,15.99839102,18.28387545,0.365677509,1000000,0,0,188,0,531216,531404,0.3470044482,Memory-level parallelism,Waiting for a free MSHR costs 34% of cycles: the misses are independent but too few can be in flight at once.,Increase cpu.mshrs; Reduce memory.latency_cycles to shorten MSHR occupancy; Improve locality so fewer misses need to be tracked,2000000,0.045844022,43626189.69,0.0,0.0,0.00012276316373732862,0.0,0.3468816850419615,0.6529955517943011
l1_capacity,sequential,l1.size_kb,32,/workspace/traces/sequential.trace,3.5,4,0,16,32,64,8,4,512.0,64.0,8.0,12.0,180,50,4000000,1531404,2.611982207,0.382851,0.000437544,1000000,0,1000000,875000,125000,0.875,0,0,125000.0,0.0,125000.0,0.0,0.0,0.0,125000,0,8000000,0,0,28.0,15.99839102,18.28387545,0.365677509,1000000,0,0,188,0,531216,531404,0.3470044482,Memory-level parallelism,Waiting for a free MSHR costs 34% of cycles: the misses are independent but too few can be in flight at once.,Increase cpu.mshrs; Reduce memory.latency_cycles to shorten MSHR occupancy; Improve locality so fewer misses need to be tracked,2000000,0.044655568,44787248.03,0.0,0.0,0.00012276316373732862,0.0,0.3468816850419615,0.6529955517943011
l1_capacity,sequential,l1.size_kb,64,/workspace/traces/sequential.trace,3.5,4,0,16,64,64,8,4,512.0,64.0,8.0,12.0,180,50,4000000,1531404,2.611982207,0.382851,0.000437544,1000000,0,1000000,875000,125000,0.875,0,0,125000.0,0.0,125000.0,0.0,0.0,0.0,125000,0,8000000,0,0,28.0,15.99839102,18.28387545,0.365677509,1000000,0,0,188,0,531216,531404,0.3470044482,Memory-level parallelism,Waiting for a free MSHR costs 34% of cycles: the misses are independent but too few can be in flight at once.,Increase cpu.mshrs; Reduce memory.latency_cycles to shorten MSHR occupancy; Improve locality so fewer misses need to be tracked,2000000,0.044459368,44984894.97,0.0,0.0,0.00012276316373732862,0.0,0.3468816850419615,0.6529955517943011
l1_capacity,sequential,l1.size_kb,128,/workspace/traces/sequential.trace,3.5,4,0,16,128,64,8,4,512.0,64.0,8.0,12.0,180,50,4000000,1531404,2.611982207,0.382851,0.000437544,1000000,0,1000000,875000,125000,0.875,0,0,125000.0,0.0,125000.0,0.0,0.0,0.0,125000,0,8000000,0,0,28.0,15.99839102,18.28387545,0.365677509,1000000,0,0,188,0,531216,531404,0.3470044482,Memory-level parallelism,Waiting for a free MSHR costs 34% of cycles: the misses are independent but too few can be in flight at once.,Increase cpu.mshrs; Reduce memory.latency_cycles to shorten MSHR occupancy; Improve locality so fewer misses need to be tracked,2000000,0.043649068,45819993.22,0.0,0.0,0.00012276316373732862,0.0,0.3468816850419615,0.6529955517943011
l1_capacity,sequential,l1.size_kb,256,/workspace/traces/sequential.trace,3.5,4,0,16,256,64,8,4,512.0,64.0,8.0,12.0,180,50,4000000,1531404,2.611982207,0.382851,0.000437544,1000000,0,1000000,875000,125000,0.875,0,0,125000.0,0.0,125000.0,0.0,0.0,0.0,125000,0,8000000,0,0,28.0,15.99839102,18.28387545,0.365677509,1000000,0,0,188,0,531216,531404,0.3470044482,Memory-level parallelism,Waiting for a free MSHR costs 34% of cycles: the misses are independent but too few can be in flight at once.,Increase cpu.mshrs; Reduce memory.latency_cycles to shorten MSHR occupancy; Improve locality so fewer misses need to be tracked,2000000,0.04367869,45788919.04,0.0,0.0,0.00012276316373732862,0.0,0.3468816850419615,0.6529955517943011
l1_capacity,sequential,l1.size_kb,512,/workspace/traces/sequential.trace,3.5,4,0,16,512,64,8,4,512.0,64.0,8.0,12.0,180,50,4000000,1531404,2.611982207,0.382851,0.000437544,1000000,0,1000000,875000,125000,0.875,0,0,125000.0,0.0,125000.0,0.0,0.0,0.0,125000,0,8000000,0,0,28.0,15.99839102,18.28387545,0.365677509,1000000,0,0,188,0,531216,531404,0.3470044482,Memory-level parallelism,Waiting for a free MSHR costs 34% of cycles: the misses are independent but too few can be in flight at once.,Increase cpu.mshrs; Reduce memory.latency_cycles to shorten MSHR occupancy; Improve locality so fewer misses need to be tracked,2000000,0.042995725,46516252.49,0.0,0.0,0.00012276316373732862,0.0,0.3468816850419615,0.6529955517943011
l1_capacity,sequential,l1.size_kb,1024,/workspace/traces/sequential.trace,3.5,4,0,16,1024,64,8,4,512.0,64.0,8.0,12.0,180,50,4000000,1531404,2.611982207,0.382851,0.000437544,1000000,0,1000000,875000,125000,0.875,0,0,125000.0,0.0,125000.0,0.0,0.0,0.0,125000,0,8000000,0,0,28.0,15.99839102,18.28387545,0.365677509,1000000,0,0,188,0,531216,531404,0.3470044482,Memory-level parallelism,Waiting for a free MSHR costs 34% of cycles: the misses are independent but too few can be in flight at once.,Increase cpu.mshrs; Reduce memory.latency_cycles to shorten MSHR occupancy; Improve locality so fewer misses need to be tracked,2000000,0.043229733,46264454.14,0.0,0.0,0.00012276316373732862,0.0,0.3468816850419615,0.6529955517943011
l1_capacity,random_access,l1.size_kb,8,/workspace/traces/random_access.trace,3.5,4,0,16,8,64,8,4,512.0,64.0,8.0,12.0,180,50,10000000,11550695,0.865748771,1.1550695,0.003300198571,1000000,0,1000000,1025,998975,0.001025,0,0,998975.0,64066.0,934909.0,0.06413173503,0.0,0.0,934909,0,59834176,0,407841,184.679161,15.98822071,18.13047752,0.3626095503,2500000,0,0,192,3503,9047000,9050695,0.7835628073,Memory-level parallelism,Waiting for a free MSHR costs 78% of cycles: the misses are independent but too few can be in flight at once.,Increase cpu.mshrs; Reduce memory.latency_cycles to shorten MSHR occupancy; Improve locality so fewer misses need to be tracked,2000000,0.132612308,15081556.38,0.0,0.0,1.66223764024589e-05,0.00030327179446777876,0.7832429130887795,0.21643719274035025
l1_capacity,random_access,l1.size_kb,16,/workspace/traces/random_access.trace,3.5,4,0,16,16,64,8,4,512.0,64.0,8.0,12.0,180,50,10000000,11549577,0.8658325755,1.1549577,0.003299879143,1000000,0,1000000,2024,997976,0.002024,0,0,997976.0,63067.0,934909.0,0.06319490649,0.0,0.0,934909,0,59834176,0,405627,184.664959,15.98819273,18.13223255,0.362644651,2500000,0,0,193,3387,9045997,9049577,0.7835418561,Memory-level parallelism,Waiting for a free MSHR costs 78% of cycles: the misses are independent but too few can be in flight at once.,Increase cpu.mshrs; Reduce memory.latency_cycles to shorten MSHR occupancy; Improve locality so fewer misses need to be tracked,2000000,0.138960094,14392621.24,0.0,0.0,1.671056870740807e-05,0.000293257493326379,0.7832318880596233,0.2164581438783429
l1_capacity,random_access,l1.size_kb,32,/workspace/traces/random_access.trace,3.5,4,0,16,32,64,8,4,512.0,64.0,8.0,12.0,180,50,10000000,11547938,0.8659554632,1.1547938,0.003299410857,1000000,0,1000000,4075,995925,0.004075,0,0,995925.0,61021.0,934904.0,0.06127067801,0.0,0.0,934904,0,59833856,0,409279,184.643099,15.98785853,18.13470907,0.3626941814,2500000,0,0,195,3443,9044300,9047938,0.7835111342,Memory-level parallelism,Waiting for a free MSHR costs 78% of cycles: the misses are independent but too few can be in flight at once.,Increase cpu.mshrs; Reduce memory.latency_cycles to shorten MSHR occupancy; Improve locality so fewer misses need to be tracked,2000000,0.132122779,15137435.16,0.0,0.0,1.6886131532746365e-05,0.00029814846598587557,0.7831960995980408,0.21648886580444057
l1_capacity,random_access,l1.size_kb,64,/workspace/traces/random_access.trace,3.5,4,0,16,64,64,8,4,512.0,64.0,8.0,12.0,180,50,10000000,11543723,0.8662716526,1.1543723,0.003298206571,1000000,0,1000000,8207,991793,0.008207,0,0,991793.0,56890.0,934903.0,0.05736075976,0.0,0.0,934903,0,59833792,0,406178,184.590234,15.98768491,18.14131126,0.3628262251,2500000,0,0,195,3718,9039810,9043723,0.7834320869,Memory-level parallelism,Waiting for a free MSHR costs 78% of cycles: the misses are independent but too few can be in flight at once.,Increase cpu.mshrs; Reduce memory.latency_cycles to shorten MSHR occupancy; Improve locality so fewer misses need to be tracked,2000000,0.132441316,15101027.84,0.0,0.0,1.689229722508068e-05,0.0003220798004248716,0.7830931147602901,0.21656791314205998
l1_capacity,random_access,l1.size_kb,128,/workspace/traces/random_access.trace,3.5,4,0,16,128,64,8,4,512.0,64.0,8.0,12.0,180,50,10000000,11534768,0.8669441813,1.1534768,0.003295648,1000000,0,1000000,16355,983645,0.016355,0,0,983645.0,48730.0,934915.0,0.04954023047,0.0,0.0,934915,0,59834560,0,392931,184.481371,15.98783357,18.15562827,0.3631125654,2500000,0,0,193,3544,9031031,9034768,0.7832639547,Memory-level parallelism,Waiting for a free MSHR costs 78% of cycles: the misses are independent but too few can be in flight at once.,Increase cpu.mshrs; Reduce memory.latency_cycles to shorten MSHR occupancy; Improve locality so fewer misses need to be tracked,2000000,0.132537555,15090062.59,0.0,0.0,1.6732022698679333e-05,0.00030724501784517905,0.7829399776397756,0.21673604531968046
l1_capacity,random_access,l1.size_kb,256,/workspace/traces/random_access.trace,3.5,4,0,16,256,64,8,4,512.0,64.0,8.0,12.0,180,50,10000000,11518247,0.8681876678,1.1518247,0.003290927714,1000000,0,1000000,32631,967369,0.032631,0,0,967369.0,32458.0,934911.0,0.03355286349,0.0,0.0,934911,0,59834304,0,377926,184.270334,15.98679122,18.1815917,0.3636318339,2500000,0,0,192,3232,9014823,9018247,0.7829530831,Memory-level parallelism,Waiting for a free MSHR costs 78% of cycles: the misses are independent but too few can be in flight at once.,Increase cpu.mshrs; Reduce memory.latency_cycles to shorten MSHR occupancy; Improve locality so fewer misses need to be tracked,2000000,0.131579128,15199979.13,0.0,0.0,1.666920322163607e-05,0.00028059825423087383,0.7826558155941612,0.21704691694838632
l1_capacity,random_access,l1.size_kb,512,/workspace/traces/random_access.trace,3.5,4,0,16,512,64,8,4,512.0,64.0,8.0,12.0,180,50,10000000,11492450,0.8701364809,1.149245,0.003283557143,1000000,0,1000000,65091,934909,0.065091,0,0,934909.0,1760.0,933149.0,0.001882536161,0.0,0.0,933149,0,59721536,0,592550,183.778278,15.96856319,18.18806051,0.3637612102,2500000,0,0,193,7601,8984656,8992450,0.7824658798,Memory-level parallelism,Waiting for a free MSHR costs 78% of cycles: the misses are independent but too few can be in flight at once.,Increase cpu.mshrs; Reduce memory.latency_cycles to shorten MSHR occupancy; Improve locality so fewer misses need to be tracked,2000000,0.126922953,15757591.14,0.0,0.0,1.6793634081505685e-05,0.0006613907391374337,0.7817876954000235,0.21753412022675755
l1_capacity,random_access,l1.size_kb,1024,/workspace/traces/random_access.trace,3.5,4,0,16,1024,64,8,4,512.0,64.0,8.0,12.0,180,50,10000000,10710322,0.9336787447,1.0710322,0.003060092,1000000,0,1000000,129668,870332,0.129668,0,0,870332.0,24.0,870308.0,2.757568376e-05,0.0,0.0,870308,0,55699712,0,452706,171.55213,15.96903044,18.20197301,0.3640394603,2500000,0,0,193,5069,8205060,8210322,0.7665803138,Memory-level parallelism,Waiting for a free MSHR costs 76% of cycles: the misses are independent but too few can be in flight at once.,Increase cpu.mshrs; Reduce memory.latency_cycles to shorten MSHR occupancy; Improve locality so fewer misses need to be tracked,2000000,0.121660886,16439137.23,0.0,0.0,1.8019999772182385e-05,0.0004732817556745726,0.7660890120763876,0.23341968616816564
l1_capacity,pointer_chase,l1.size_kb,8,/workspace/traces/pointer_chase.trace,3.5,4,0,16,8,64,8,4,512.0,64.0,8.0,12.0,180,50,3000000,186333064,0.01610020216,62.11102133,0.05323801829,1000000,1000000,1000000,883,999117,0.000883,0,0,999117.0,56930.0,942187.0,0.05698031362,0.0,0.0,942187,0,60299968,0,0,185.583064,0.9959559942,1.132648621,0.02265297242,750000,3532,910880,184668652,0,0,185583064,0.9959749495,DRAM latency,"Waiting for DRAM costs 99% of cycles and the bus is not saturated, so the exposed latency is the problem.",Increase l2.size_kb to keep the working set on chip; Reduce memory.latency_cycles; Increase cpu.mshrs if the misses are independent,2000000,0.125886526,15887323.8,1.895530467958172e-05,0.0048884507153276885,0.9910675434393115,0.0,0.0,0.004025050540681282
l1_capacity,pointer_chase,l1.size_kb,16,/workspace/traces/pointer_chase.trace,3.5,4,0,16,16,64,8,4,512.0,64.0,8.0,12.0,180,50,3000000,186322264,0.0161011354,62.10742133,0.05323493257,1000000,1000000,1000000,1768,998232,0.001768,0,0,998232.0,56046.0,942186.0,0.05614526483,0.0,0.0,942186,0,60299904,0,0,185.572264,0.9959367604,1.132713072,0.02265426144,750000,7072,896736,184668456,0,0,185572264,0.9959747162,DRAM latency,"Waiting for DRAM costs 99% of cycles and the bus is not saturated, so the exposed latency is the problem.",Increase l2.size_kb to keep the working set on chip; Reduce memory.latency_cycles; Increase cpu.mshrs if the misses are independent,2000000,0.125129758,15983408.2,3.7955743174095395e-05,0.004812822583564141,0.991123937824199,0.0,0.0,0.004025283849062719
l1_capacity,pointer_chase,l1.size_kb,32,/workspace/traces/pointer_chase.trace,3.5,4,0,16,32,64,8,4,512.0,64.0,8.0,12.0,180,50,3000000,186299824,0.01610307479,62.09994133,0.05322852114,1000000,1000000,1000000,3638,996362,0.003638,0,0,996362.0,54176.0,942186.0,0.05437381193,0.0,0.0,942186,0,60299904,0,0,185.549824,0.9958961207,1.132849508,0.02265699016,750000,14552,866816,184668456,0,0,185549824,0.9959742313,DRAM latency,"Waiting for DRAM costs 99% of cycles and the bus is not saturated, so the exposed latency is the problem.",Increase l2.size_kb to keep the working set on chip; Reduce memory.latency_cycles; Increase cpu.mshrs if the misses are independent,2000000,0.126462884,15814916.89,7.811064813458976e-05,0.00465280096024138,0.9912433196930985,0.0,0.0,0.004025768698525448
l1_capacity,pointer_chase,l1.size_kb,64,/workspace/traces/pointer_chase.trace,3.5,4,0,16,64,64,8,4,512.0,64.0,8.0,12.0,180,50,3000000,186256240,0.01610684292,62.08541333,0.05321606857,1000000,1000000,1000000,7255,992745,0.007255,0,0,992745.0,50560.0,942185.0,0.05092949348,0.0,0.0,942185,0,60299840,0,0,185.50624,0.9958174824,1.133113393,0.02266226785,750000,29020,808960,184668260,0,0,185506240,0.9959732893,DRAM latency,"Waiting for DRAM costs 99% of cycles and the bus is not saturated, so the exposed latency is the problem.",Increase l2.size_kb to keep the working set on chip; Reduce memory.latency_cycles; Increase cpu.mshrs if the misses are independent,2000000,0.127353982,15704259.64,0.0001558068604842447,0.004343263882058394,0.9914742185281954,0.0,0.0,0.00402671072926201
l1_capacity,pointer_chase,l1.size_kb,128,/workspace/traces/pointer_chase.trace,3.5,4,0,16,128,64,8,4,512.0,64.0,8.0,12.0,180,50,3000000,186169132,0.01611437926,62.05637733,0.05319118057,1000000,1000000,1000000,14499,985501,0.014499,0,0,985501.0,43317.0,942184.0,0.0439542933,0.0,0.0,942184,0,60299776,0,0,185.419132,0.995659882,1.13364237,0.0226728474,750000,57996,693072,184668064,0,0,185419132,0.9959714052,DRAM latency,"Waiting for DRAM costs 99% of cycles and the bus is not saturated, so the exposed latency is the problem.",Increase l2.size_kb to keep the working set on chip; Reduce memory.latency_cycles; Increase cpu.mshrs if the misses are independent,2000000,0.128836288,15523576.71,0.0003115231799007367,0.0037228083547169357,0.9919370736497821,0.0,0.0,0.004028594815600257
l1_capacity,pointer_chase,l1.size_kb,256,/workspace/traces/pointer_chase.trace,3.5,4,0,16,256,64,8,4,512.0,64.0,8.0,12.0,180,50,3000000,185984272,0.01613039623,61.99475733,0.05313836343,1000000,1000000,1000000,28989,971011,0.028989,0,0,971011.0,28888.0,942123.0,0.02975043537,0.0,0.0,942123,0,60295872,0,0,185.234272,0.9953439289,1.134695691,0.02269391382,750000,115956,462208,184656108,0,0,185234272,0.9959674009,DRAM latency,"Waiting for DRAM costs 99% of cycles and the bus is not saturated, so the exposed latency is the problem.",Increase l2.size_kb to keep the working set on chip; Reduce memory.latency_cycles; Increase cpu.mshrs if the misses are independent,2000000,0.12931402,15466227.1,0.0006234720751010602,0.0024851993936347476,0.9928587294736406,0.0,0.0,0.004032599057623539
l1_capacity,pointer_chase,l1.size_kb,512,/workspace/traces/pointer_chase.trace,3.5,4,0,16,512,64,8,4,512.0,64.0,8.0,12.0,180,50,3000000,185391604,0.01618196259,61.79720133,0.05296902971,1000000,1000000,1000000,57813,942187,0.057813,0,0,942187.0,1435.0,940752.0,0.001523052218,0.0,0.0,940752,0,60208128,0,0,184.641604,0.9947071389,1.136666621,0.02273333241,750000,231252,22960,184387392,0,0,184641604,0.9959545094,DRAM latency,"Waiting for DRAM costs 99% of cycles and the bus is not saturated, so the exposed latency is the problem.",Increase l2.size_kb to keep the working set on chip; Reduce memory.latency_cycles; Increase cpu.mshrs if the misses are independent,2000000,0.123835371,16150474.49,0.0012473704041095627,0.00012384595367112742,0.9945832929952966,0.0,0.0,0.0040454906469227165
l1_capacity,pointer_chase,l1.size_kb,1024,/workspace/traces/pointer_chase.trace,3.5,4,0,16,1024,64,8,4,512.0,64.0,8.0,12.0,180,50,3000000,174706564,0.01717165017,58.23552133,0.04991616114,1000000,1000000,1000000,114788,885212,0.114788,0,0,885212.0,23.0,885189.0,2.598247651e-05,0.0,0.0,885189,0,56652096,0,0,173.956564,0.9930789549,1.13494497,0.0226988994,750000,459152,368,173497044,0,0,173956564,0.9957070875,DRAM latency,"Waiting for DRAM costs 99% of cycles and the bus is not saturated, so the exposed latency is the problem.",Increase l2.size_kb to keep the working set on chip; Reduce memory.latency_cycles; Increase cpu.mshrs if the misses are independent,2000000,0.123221159,16230978.64,0.0026281325068015188,2.106389087933754e-06,0.9930768485607673,0.0,0.0,0.004292912543343248
l1_capacity,strided,l1.size_kb,8,/workspace/traces/strided.trace,3.5,4,0,16,8,64,8,4,512.0,64.0,8.0,12.0,180,50,6999888,1750150,3.999593178,0.250025429,0.0005000428571,999984,0,999984,332333,667651,0.3323383174,0,0,667651.0,667627.0,24.0,0.9999640531,0.0,0.0,24,0,1536,0,269,12.01652926,6.1063366,0.003071736708,6.143473417e-05,1749972,0,14,0,0,164,178,0.0001017055681,Compute,Memory stalls account for only 0% of cycles; the machine is limited by instruction issue.,Increase cpu.issue_width; Reduce the instruction count (vectorise the inner loop),1999968,0.077139199,25926740.57,0.0,7.999314344484759e-06,0.0,0.0,9.37062537496786e-05,0.9998982944319058
l1_capacity,strided,l1.size_kb,16,/workspace/traces/strided.trace,3.5,4,0,16,16,64,8,4,512.0,64.0,8.0,12.0,180,50,6999888,1750150,3.999593178,0.250025429,0.0005000428571,999984,0,999984,332333,667651,0.3323383174,0,0,667651.0,667627.0,24.0,0.9999640531,0.0,0.0,24,0,1536,0,269,12.01652926,6.1063366,0.003071736708,6.143473417e-05,1749972,0,14,0,0,164,178,0.0001017055681,Compute,Memory stalls account for only 0% of cycles; the machine is limited by instruction issue.,Increase cpu.issue_width; Reduce the instruction count (vectorise the inner loop),1999968,0.077205158,25904590.47,0.0,7.999314344484759e-06,0.0,0.0,9.37062537496786e-05,0.9998982944319058
l1_capacity,strided,l1.size_kb,32,/workspace/traces/strided.trace,3.5,4,0,16,32,64,8,4,512.0,64.0,8.0,12.0,180,50,6999888,1750150,3.999593178,0.250025429,0.0005000428571,999984,0,999984,332333,667651,0.3323383174,0,0,667651.0,667627.0,24.0,0.9999640531,0.0,0.0,24,0,1536,0,269,12.01652926,6.1063366,0.003071736708,6.143473417e-05,1749972,0,14,0,0,164,178,0.0001017055681,Compute,Memory stalls account for only 0% of cycles; the machine is limited by instruction issue.,Increase cpu.issue_width; Reduce the instruction count (vectorise the inner loop),1999968,0.077016614,25968007.37,0.0,7.999314344484759e-06,0.0,0.0,9.37062537496786e-05,0.9998982944319058
l1_capacity,strided,l1.size_kb,64,/workspace/traces/strided.trace,3.5,4,0,16,64,64,8,4,512.0,64.0,8.0,12.0,180,50,6999888,1750127,3.99964574,0.2500221432,0.0005000362857,999984,0,999984,666091,333893,0.6661016576,0,0,333893.0,333869.0,24.0,0.9999281207,0.0,0.0,24,0,1536,0,298,8.011398182,3.05515314,0.003071777077,6.143554153e-05,1749972,0,11,0,0,144,155,8.856500128e-05,Compute,Memory stalls account for only 0% of cycles; the machine is limited by instruction issue.,Increase cpu.issue_width; Reduce the instruction count (vectorise the inner loop),1999968,0.064794718,30866219.68,0.0,6.285258155550997e-06,0.0,0.0,8.227974312721305e-05,0.9999114349987173
l1_capacity,strided,l1.size_kb,128,/workspace/traces/strided.trace,3.5,4,0,16,128,64,8,4,512.0,64.0,8.0,12.0,180,50,6999888,1750116,3.999670879,0.2500205718,0.0005000331429,999984,0,999984,999960,24,0.9999759996,0,0,24.0,0.0,24.0,0.0,0.0,0.0,24,0,1536,0,298,4.004906078,0.002858096263,0.003071796384,6.143592768e-05,1749972,0,0,0,0,144,144,8.228026028e-05,Compute,Memory stalls account for only 0% of cycles; the machine is limited by instruction issue.,Increase cpu.issue_width; Reduce the instruction count (vectorise the inner loop),1999968,0.047614234,42003573.97,0.0,0.0,0.0,0.0,8.228026027989001e-05,0.9999177197397201
l1_capacity,strided,l1.size_kb,256,/workspace/traces/strided.trace,3.5,4,0,16,256,64,8,4,512.0,64.0,8.0,12.0,180,50,6999888,1750116,3.999670879,0.2500205718,0.0005000331429,999984,0,999984,999960,24,0.9999759996,0,0,24.0,0.0,24.0,0.0,0.0,0.0,24,0,1536,0,298,4.004906078,0.002858096263,0.003071796384,6.143592768e-05,1749972,0,0,0,0,144,144,8.228026028e-05,Compute,Memory stalls account for only 0% of cycles; the machine is limited by instruction issue.,Increase cpu.issue_width; Reduce the instruction count (vectorise the inner loop),1999968,0.04543664,44016635.03,0.0,0.0,0.0,0.0,8.228026027989001e-05,0.9999177197397201
l1_capacity,strided,l1.size_kb,512,/workspace/traces/strided.trace,3.5,4,0,16,512,64,8,4,512.0,64.0,8.0,12.0,180,50,6999888,1750116,3.999670879,0.2500205718,0.0005000331429,999984,0,999984,999960,24,0.9999759996,0,0,24.0,0.0,24.0,0.0,0.0,0.0,24,0,1536,0,298,4.004906078,0.002858096263,0.003071796384,6.143592768e-05,1749972,0,0,0,0,144,144,8.228026028e-05,Compute,Memory stalls account for only 0% of cycles; the machine is limited by instruction issue.,Increase cpu.issue_width; Reduce the instruction count (vectorise the inner loop),1999968,0.04274811,46784945.58,0.0,0.0,0.0,0.0,8.228026027989001e-05,0.9999177197397201
l1_capacity,strided,l1.size_kb,1024,/workspace/traces/strided.trace,3.5,4,0,16,1024,64,8,4,512.0,64.0,8.0,12.0,180,50,6999888,1750116,3.999670879,0.2500205718,0.0005000331429,999984,0,999984,999960,24,0.9999759996,0,0,24.0,0.0,24.0,0.0,0.0,0.0,24,0,1536,0,298,4.004906078,0.002858096263,0.003071796384,6.143592768e-05,1749972,0,0,0,0,144,144,8.228026028e-05,Compute,Memory stalls account for only 0% of cycles; the machine is limited by instruction issue.,Increase cpu.issue_width; Reduce the instruction count (vectorise the inner loop),1999968,0.038917028,51390563.53,0.0,0.0,0.0,0.0,8.228026027989001e-05,0.9999177197397201
l1_capacity,matrix_naive,l1.size_kb,8,/workspace/traces/matrix_naive.trace,3.5,4,0,16,8,64,8,4,512.0,64.0,8.0,12.0,180,50,35463168,8964423,3.955990029,0.2527812236,0.002561263714,14229504,0,14229504,6984192,7245312,0.4908246978,36856,0,7245312.0,7231488.0,13824.0,0.9980920076,2896.0,36856.0,13824,2896,884736,185344,80285,10.28643887,13.21157592,0.417793761,0.008355875219,8865792,0,16,0,251,98364,98631,0.01100249285,Compute,Memory stalls account for only 1% of cycles; the machine is limited by instruction issue.,Increase cpu.issue_width; Reduce the instruction count (vectorise the inner loop),21307392,0.979461244,21754196.13,0.0,1.784833223510314e-06,0.0,2.799957119381805e-05,0.010972708449835533,0.9889975071457472
l1_capacity,matrix_naive,l1.size_kb,16,/workspace/traces/matrix_naive.trace,3.5,4,0,16,16,64,8,4,512.0,64.0,8.0,12.0,180,50,35463168,8964390,3.956004592,0.2527802931,0.002561254286,14229504,0,14229504,6986448,7243056,0.4909832416,36856,0,7243056.0,7229232.0,13824.0,0.9980914133,2896.0,36856.0,13824,2896,884736,185344,80069,10.28452116,13.20757386,0.417795299,0.008355905979,8865792,0,16,0,242,98340,98598,0.01099885212,Compute,Memory stalls account for only 1% of cycles; the machine is limited by instruction issue.,Increase cpu.issue_width; Reduce the instruction count (vectorise the inner loop),21307392,0.990162959,21519076.03,0.0,1.7848397938956248e-06,0.0,2.6995701882671326e-05,0.010970071583230984,0.9890011478750924
l1_capacity,matrix_naive,l1.size_kb,32,/workspace/traces/matrix_naive.trace,3.5,4,0,16,32,64,8,4,512.0,64.0,8.0,12.0,180,50,35463168,8964365,3.956015624,0.2527795881,0.002561247143,14229504,0,14229504,6990648,7238856,0.491278403,36856,0,7238856.0,7225032.0,13824.0,0.998090306,2896.0,36856.0,13824,2896,884736,185344,80086,10.28098042,13.20011624,0.4177964641,0.008355929282,8865792,0,16,0,219,98338,98573,0.01099609398,Compute,Memory stalls account for only 1% of cycles; the machine is limited by instruction issue.,Increase cpu.issue_width; Reduce the instruction count (vectorise the inner loop),21307392,0.987869828,21569028.02,0.0,1.7848447714924594e-06,0.0,2.4430062809803038e-05,0.010969879071189091,0.9890039060212296
l1_capacity,matrix_naive,l1.size_kb,64,/workspace/traces/matrix_naive.trace,3.5,4,0,16,64,64,8,4,512.0,64.0,8.0,12.0,180,50,35463168,8964326,3.956032835,0.2527784884,0.002561236,14229504,0,14229504,6998520,7230984,0.4918316197,36856,0,7230984.0,7217160.0,13824.0,0.998088227,2896.0,36856.0,13824,2896,884736,185344,79978,10.27433423,13.18611126,0.4177982818,0.008355965635,8865792,0,16,0,227,98291,98534,0.01099179124,Compute,Memory stalls account for only 1% of cycles; the machine is limited by instruction issue.,Increase cpu.issue_width; Reduce the instruction count (vectorise the inner loop),21307392,0.988696335,21550997.25,0.0,1.784852536598959e-06,0.0,2.532259536299773e-05,0.010964683792178017,0.9890082087599223
l1_capacity,matrix_naive,l1.size_kb,128,/workspace/traces/matrix_naive.trace,3.5,4,0,16,128,64,8,4,512.0,64.0,8.0,12.0,180,50,35463168,8957544,3.959028055,0.2525872477,0.002559298286,14229504,0,14229504,13335552,893952,0.9371761658,4592,0,893952.0,880128.0,13824.0,0.9845360825,2560.0,4592.0,13824,2560,884736,163840,71773,4.930156174,1.876794465,0.4097123051,0.008194246101,8865792,0,0,0,151,91601,91752,0.01024298625,Compute,Memory stalls account for only 1% of cycles; the machine is limited by instruction issue.,Increase cpu.issue_width; Reduce the instruction count (vectorise the inner loop),21307392,0.620086825,34361949.23,0.0,0.0,0.0,1.6857299277569833e-05,0.010226128947845525,0.989757013752877
l1_capacity,matrix_naive,l1.size_kb,256,/workspace/traces/matrix_naive.trace,3.5,4,0,16,256,64,8,4,512.0,64.0,8.0,12.0,180,50,35463168,8957544,3.959028055,0.2525872477,0.002559298286,14229504,0,14229504,13335552,893952,0.9371761658,4584,0,893952.0,880128.0,13824.0,0.9845360825,2560.0,4584.0,13824,2560,884736,163840,71773,4.930156174,1.876794465,0.4097123051,0.008194246101,8865792,0,0,0,151,91601,91752,0.01024298625,Compute,Memory stalls account for only 1% of cycles; the machine is limited by instruction issue.,Increase cpu.issue_width; Reduce the instruction count (vectorise the inner loop),21307392,0.620187384,34356377.68,0.0,0.0,0.0,1.6857299277569833e-05,0.010226128947845525,0.989757013752877
l1_capacity,matrix_naive,l1.size_kb,512,/workspace/traces/matrix_naive.trace,3.5,4,0,16,512,64,8,4,512.0,64.0,8.0,12.0,180,50,35463168,8925987,3.973024832,0.2516973949,0.002550282,14229504,0,14229504,14215680,13824,0.9990284974,3050,0,13824.0,0.0,13824.0,0.0,0.0,3050.0,13824,0,884736,0,19305,4.187885186,0.3057150991,0.3469169292,0.006938338584,8865792,0,0,0,151,60044,60195,0.006743792031,Compute,Memory stalls account for only 0% of cycles; the machine is limited by instruction issue.,Increase cpu.issue_width; Reduce the instruction count (vectorise the inner loop),21307392,0.49147708,43353785.69,0.0,0.0,0.0,1.69168966972504e-05,0.006726875134368894,0.9932562079689339
l1_capacity,matrix_naive,l1.size_kb,1024,/workspace/traces/matrix_naive.trace,3.5,4,0,16,1024,64,8,4,512.0,64.0,8.0,12.0,180,50,35463168,8925987,3.973024832,0.2516973949,0.002550282,14229504,0,14229504,14215680,13824,0.9990284974,0,0,13824.0,0.0,13824.0,0.0,0.0,0.0,13824,0,884736,0,19305,4.187885186,0.3057150991,0.3469169292,0.006938338584,8865792,0,0,0,151,60044,60195,0.006743792031,Compute,Memory stalls account for only 0% of cycles; the machine is limited by instruction issue.,Increase cpu.issue_width; Reduce the instruction count (vectorise the inner loop),21307392,0.471888543,45153442.09,0.0,0.0,0.0,1.69168966972504e-05,0.006726875134368894,0.9932562079689339
l1_capacity,matrix_blocked,l1.size_kb,8,/workspace/traces/matrix_blocked.trace,3.5,4,0,16,8,64,8,4,512.0,64.0,8.0,12.0,180,50,35831808,9066313,3.952191812,0.2530241566,0.002590375143,14598144,0,14598144,7133184,7464960,0.4886363636,221180,0,7464960.0,7449120.0,15840.0,0.9978780864,2984.0,221180.0,15840,2984,1013760,190976,196779,10.33957365,13.50117176,0.465081671,0.00930163342,8957952,0,16,0,650,107695,108361,0.0119520471,Compute,Memory stalls account for only 1% of cycles; the machine is limited by instruction issue.,Increase cpu.issue_width; Reduce the instruction count (vectorise the inner loop),21676032,0.972055924,22299161.46,0.0,1.764774721543366e-06,0.0,7.169397306269924e-05,0.0118785883522883,0.9880479528999274
l1_capacity,matrix_blocked,l1.size_kb,16,/workspace/traces/matrix_blocked.trace,3.5,4,0,16,16,64,8,4,512.0,64.0,8.0,12.0,180,50,35831808,9027241,3.969297818,0.2519337288,0.002579211714,14598144,0,14598144,11697888,2900256,0.8013270728,221180,0,2900256.0,2884416.0,15840.0,0.9945384132,2984.0,221180.0,15840,2984,1013760,190976,197647,6.587312538,5.469111216,0.4670946527,0.009341893055,8957952,0,16,0,684,68589,69289,0.007675545607,Compute,Memory stalls account for only 0% of cycles; the machine is limited by instruction issue.,Increase cpu.issue_width; Reduce the instruction count (vectorise the inner loop),21676032,0.742729329,29184295.21,0.0,1.772413077262477e-06,0.0,7.577065905297089e-05,0.007598002534772252,0.9923244543930975
l1_capacity,matrix_blocked,l1.size_kb,32,/workspace/traces/matrix_blocked.trace,3.5,4,0,16,32,64,8,4,512.0,64.0,8.0,12.0,180,50,35831808,9008983,3.977342171,0.2514241816,0.002573995143,14598144,0,14598144,14515740,82404,0.9943551728,27044,0,82404.0,66396.0,16008.0,0.8057375856,2984.0,27044.0,16008,2984,1024512,190976,200647,4.273249257,0.4793602119,0.4722184513,0.009444369026,8957952,0,0,0,653,50378,51031,0.005664457353,Compute,Memory stalls account for only 0% of cycles; the machine is limited by instruction issue.,Increase cpu.issue_width; Reduce the instruction count (vectorise the inner loop),21676032,0.526311374,41184806.32,0.0,0.0,0.0,7.248320925902514e-05,0.005591974144029354,0.9943355426467116
l1_capacity,matrix_blocked,l1.size_kb,64,/workspace/traces/matrix_blocked.trace,3.5,4,0,16,64,64,8,4,512.0,64.0,8.0,12.0,180,50,35831808,9008825,3.977411927,0.2514197721,0.00257395,14598144,0,14598144,14539056,59088,0.9959523622,4476,0,59088.0,43080.0,16008.0,0.7290820471,2896.0,4476.0,16008,2896,1024512,185344,187816,4.253796784,0.4374947898,0.4700386565,0.009400773131,8957952,0,0,0,628,50245,50873,0.00564701834,Compute,Memory stalls account for only 0% of cycles; the machine is limited by instruction issue.,Increase cpu.issue_width; Reduce the instruction count (vectorise the inner loop),21676032,0.519488357,41725732.07,0.0,0.0,0.0,6.970942381498142e-05,0.00557730891653462,0.9943529816596504
l1_capacity,matrix_blocked,l1.size_kb,128,/workspace/traces/matrix_blocked.trace,3.5,4,0,16,128,64,8,4,512.0,64.0,8.0,12.0,180,50,35831808,9001896,3.980473447,0.2512263964,0.002571970286,14598144,0,14598144,14553690,44454,0.9969548184,4352,0,44454.0,29428.0,15026.0,0.6619876727,2684.0,4352.0,15026,2684,961664,171776,145919,4.227970898,0.3894477341,0.4406893837,0.008813787673,8957952,0,0,0,589,43355,43944,0.004881638268,Compute,Memory stalls account for only 0% of cycles; the machine is limited by instruction issue.,Increase cpu.issue_width; Reduce the instruction count (vectorise the inner loop),21676032,0.490569391,44185455.51,0.0,0.0,0.0,6.543066038532326e-05,0.004816207607819509,0.9951183617317951
l1_capacity,matrix_blocked,l1.size_kb,256,/workspace/traces/matrix_blocked.trace,3.5,4,0,16,256,64,8,4,512.0,64.0,8.0,12.0,180,50,35831808,8995203,3.983435171,0.251039607,0.002570058,14598144,0,14598144,14561280,36864,0.9974747475,4096,0,36864.0,22586.0,14278.0,0.6126844618,2436.0,4096.0,14278,2436,913792,155904,130214,4.211537987,0.3596937168,0.4162147313,0.008324294627,8957952,0,0,0,578,36673,37251,0.004141207263,Compute,Memory stalls account for only 0% of cycles; the machine is limited by instruction issue.,Increase cpu.issue_width; Reduce the instruction count (vectorise the inner loop),21676032,0.487287304,44483063.32,0.0,0.0,0.0,6.425647092122323e-05,0.004076950792550207,0.9958587927365286
l1_capacity,matrix_blocked,l1.size_kb,512,/workspace/traces/matrix_blocked.trace,3.5,4,0,16,512,64,8,4,512.0,64.0,8.0,12.0,180,50,35831808,9004899,3.979146018,0.2513102046,0.002572828286,14598144,0,14598144,14582304,15840,0.9989149306,3050,0,15840.0,496.0,15344.0,0.03131313131,336.0,3050.0,15344,336,982016,21504,102174,4.208743317,0.3454369671,0.390045463,0.007800909261,8957952,0,0,0,578,46369,46947,0.005213495454,Compute,Memory stalls account for only 0% of cycles; the machine is limited by instruction issue.,Increase cpu.issue_width; Reduce the instruction count (vectorise the inner loop),21676032,0.482950168,44882543.66,0.0,0.0,0.0,6.418728294453941e-05,0.005149308171030014,0.9947865045460255
l1_capacity,matrix_blocked,l1.size_kb,1024,/workspace/traces/matrix_blocked.trace,3.5,4,0,16,1024,64,8,4,512.0,64.0,8.0,12.0,180,50,35831808,8994153,3.983900207,0.2510103035,0.002569758,14598144,0,14598144,14584320,13824,0.9990530303,0,0,13824.0,0.0,13824.0,0.0,0.0,0.0,13824,0,884736,0,65033,4.186273063,0.3084822996,0.3442876722,0.006885753444,8957952,0,0,0,578,35623,36201,0.004024948208,Compute,Memory stalls account for only 0% of cycles; the machine is limited by instruction issue.,Increase cpu.issue_width; Reduce the instruction count (vectorise the inner loop),21676032,0.471024555,46018900.22,0.0,0.0,0.0,6.426397238294701e-05,0.003960684235636196,0.9959750517919809
l1_capacity_latency,sequential,l1.size_kb,8,/workspace/traces/sequential.trace,3.5,4,0,16,8,64,8,2,512.0,64.0,8.0,12.0,180,50,4000000,1515778,2.638908864,0.3789445,0.0004330794286,1000000,0,1000000,875000,125000,0.875,0,0,125000.0,0.0,125000.0,0.0,0.0,0.0,125000,0,8000000,0,0,26.0,15.99838499,18.47236205,0.369447241,1000000,0,0,186,0,515592,515778,0.340272784,Memory-level parallelism,Waiting for a free MSHR costs 34% of cycles: the misses are independent but too few can be in flight at once.,Increase cpu.mshrs; Reduce memory.latency_cycles to shorten MSHR occupancy; Improve locality so fewer misses need to be tracked,2000000,0.046054543,43426768.99,0.0,0.0,0.0001227092621742762,0.0,0.3401500747470936,0.6597272159907321
l1_capacity_latency,sequential,l1.size_kb,16,/workspace/traces/sequential.trace,3.5,4,0,16,16,64,8,3,512.0,64.0,8.0,12.0,180,50,4000000,1523591,2.625376495,0.38089775,0.0004353117143,1000000,0,1000000,875000,125000,0.875,0,0,125000.0,0.0,125000.0,0.0,0.0,0.0,125000,0,8000000,0,0,27.0,15.99838802,18.37763547,0.3675527094,1000000,0,0,187,0,523404,523591,0.3436558762,Memory-level parallelism,Waiting for a free MSHR costs 34% of cycles: the misses are independent but too few can be in flight at once.,Increase cpu.mshrs; Reduce memory.latency_cycles to shorten MSHR occupancy; Improve locality so fewer misses need to be tracked,2000000,0.045986759,43490779.6,0.0,0.0,0.00012273635115985851,0.0,0.34353313979932937,0.6563441238495108
l1_capacity_latency,sequential,l1.size_kb,32,/workspace/traces/sequential.trace,3.5,4,0,16,32,64,8,4,512.0,64.0,8.0,12.0,180,50,4000000,1531404,2.611982207,0.382851,0.000437544,1000000,0,1000000,875000,125000,0.875,0,0,125000.0,0.0,125000.0,0.0,0.0,0.0,125000,0,8000000,0,0,28.0,15.99839102,18.28387545,0.365677509,1000000,0,0,188,0,531216,531404,0.3470044482,Memory-level parallelism,Waiting for a free MSHR costs 34% of cycles: the misses are independent but too few can be in flight at once.,Increase cpu.mshrs; Reduce memory.latency_cycles to shorten MSHR occupancy; Improve locality so fewer misses need to be tracked,2000000,0.044799097,44643756.99,0.0,0.0,0.00012276316373732862,0.0,0.3468816850419615,0.6529955517943011
l1_capacity_latency,sequential,l1.size_kb,64,/workspace/traces/sequential.trace,3.5,4,0,16,64,64,8,6,512.0,64.0,8.0,12.0,180,50,4000000,1547030,2.585599504,0.3867575,0.0004420085714,1000000,0,1000000,875000,125000,0.875,0,0,125000.0,0.0,125000.0,0.0,0.0,0.0,125000,0,8000000,0,0,30.0,15.99839693,18.09919652,0.3619839305,1000000,0,0,190,0,546840,547030,0.3536001241,Memory-level parallelism,Waiting for a free MSHR costs 35% of cycles: the misses are independent but too few can be in flight at once.,Increase cpu.mshrs; Reduce memory.latency_cycles to shorten MSHR occupancy; Improve locality so fewer misses need to be tracked,2000000,0.044442972,45001490.9,0.0,0.0,0.00012281597641933254,0.0,0.35347730813235684,0.6463998758912238
l1_capacity_latency,sequential,l1.size_kb,128,/workspace/traces/sequential.trace,3.5,4,0,16,128,64,8,8,512.0,64.0,8.0,12.0,180,50,4000000,1562656,2.559744435,0.390664,0.0004464731429,1000000,0,1000000,875000,125000,0.875,0,0,125000.0,0.0,125000.0,0.0,0.0,0.0,125000,0,8000000,0,0,32.0,15.99840272,17.91821105,0.3583642209,1000000,0,0,192,0,562464,562656,0.3600638912,Memory-level parallelism,Waiting for a free MSHR costs 35% of cycles: the misses are independent but too few can be in flight at once.,Increase cpu.mshrs; Reduce memory.latency_cycles to shorten MSHR occupancy; Improve locality so fewer misses need to be tracked,2000000,0.043993918,45460829.38,0.0,0.0,0.00012286773288554872,0.0,0.35994102348821494,0.6399361087788995
l1_capacity_latency,sequential,l1.size_kb,256,/workspace/traces/sequential.trace,3.5,4,0,16,256,64,8,11,512.0,64.0,8.0,12.0,180,50,4000000,1586095,2.521917035,0.39652375,0.00045317,1000000,0,1000000,875000,125000,0.875,0,0,125000.0,0.0,125000.0,0.0,0.0,0.0,125000,0,8000000,0,0,35.0,15.99841119,17.65341925,0.3530683849,1000000,0,0,195,0,585900,586095,0.3695207412,Memory-level parallelism,Waiting for a free MSHR costs 36% of cycles: the misses are independent but too few can be in flight at once.,Increase cpu.mshrs; Reduce memory.latency_cycles to shorten MSHR occupancy; Improve locality so fewer misses need to be tracked,2000000,0.043306075,46182896.97,0.0,0.0,0.00012294345546767375,0.0,0.369397797735949,0.6304792588085834
l1_capacity_latency,sequential,l1.size_kb,512,/workspace/traces/sequential.trace,3.5,4,0,16,512,64,8,16,512.0,64.0,8.0,12.0,180,50,4000000,1625160,2.461296119,0.40629,0.0004643314286,1000000,0,1000000,875000,125000,0.875,0,0,125000.0,0.0,125000.0,0.0,0.0,0.0,125000,0,8000000,0,0,40.0,15.99842477,17.22907283,0.3445814566,1000000,0,0,200,0,624960,625160,0.3846759704,Memory-level parallelism,Waiting for a free MSHR costs 38% of cycles: the misses are independent but too few can be in flight at once.,Increase cpu.mshrs; Reduce memory.latency_cycles to shorten MSHR occupancy; Improve locality so fewer misses need to be tracked,2000000,0.042870285,46652360.72,0.0,0.0,0.00012306480592680106,0.0,0.38455290556006794,0.6153240296340052
l1_capacity_latency,sequential,l1.size_kb,1024,/workspace/traces/sequential.trace,3.5,4,0,16,1024,64,8,23,512.0,64.0,8.0,12.0,180,50,4000000,1679851,2.381163567,0.41996275,0.0004799574286,1000000,0,1000000,875000,125000,0.875,0,0,125000.0,0.0,125000.0,0.0,0.0,0.0,125000,0,8000000,0,0,47.0,15.99844272,16.66814497,0.3333628994,1000000,0,0,207,0,679644,679851,0.4047091081,Memory-level parallelism,Waiting for a free MSHR costs 40% of cycles: the misses are independent but too few can be in flight at once.,Increase cpu.mshrs; Reduce memory.latency_cycles to shorten MSHR occupancy; Improve locality so fewer misses need to be tracked,2000000,0.043011769,46498901.27,0.0,0.0,0.0001232252146172488,0.0,0.40458588291461567,0.5952908918707671
l1_capacity_latency,random_access,l1.size_kb,8,/workspace/traces/random_access.trace,3.5,4,0,16,8,64,8,2,512.0,64.0,8.0,12.0,180,50,10000000,11426236,0.8751788428,1.1426236,0.003264638857,1000000,0,1000000,1025,998975,0.001025,0,0,998975.0,64066.0,934909.0,0.06413173503,0.0,0.0,934909,0,59834176,0,409840,182.68116,15.98768921,18.32796172,0.3665592344,2500000,0,0,191,3670,8922375,8926236,0.7812052893,Memory-level parallelism,Waiting for a free MSHR costs 78% of cycles: the misses are independent but too few can be in flight at once.,Increase cpu.mshrs; Reduce memory.latency_cycles to shorten MSHR occupancy; Improve locality so fewer misses need to be tracked,2000000,0.13203634,15147345.04,0.0,0.0,1.6715915897413635e-05,0.00032119063530632486,0.7808673827496649,0.21879471069913137
l1_capacity_latency,random_access,l1.size_kb,16,/workspace/traces/random_access.trace,3.5,4,0,16,16,64,8,3,512.0,64.0,8.0,12.0,180,50,10000000,11487692,0.8704968761,1.1487692,0.003282197714,1000000,0,1000000,2024,997976,0.002024,0,0,997976.0,63067.0,934909.0,0.06319490649,0.0,0.0,934909,0,59834176,0,409889,183.669221,15.98781975,18.22991215,0.3645982431,2500000,0,0,192,3514,8983986,8987692,0.782375781,Memory-level parallelism,Waiting for a free MSHR costs 78% of cycles: the misses are independent but too few can be in flight at once.,Increase cpu.mshrs; Reduce memory.latency_cycles to shorten MSHR occupancy; Improve locality so fewer misses need to be tracked,2000000,0.131773021,15177613.63,0.0,0.0,1.6713540021790276e-05,0.0003058926022738075,0.7820531748239768,0.21762421903372758
l1_capacity_latency,random_access,l1.size_kb,32,/workspace/traces/random_access.trace,3.5,4,0,16,32,64,8,4,512.0,64.0,8.0,12.0,180,50,10000000,11547938,0.8659554632,1.1547938,0.003299410857,1000000,0,1000000,4075,995925,0.004075,0,0,995925.0,61021.0,934904.0,0.06127067801,0.0,0.0,934904,0,59833856,0,409279,184.643099,15.98785853,18.13470907,0.3626941814,2500000,0,0,195,3443,9044300,9047938,0.7835111342,Memory-level parallelism,Waiting for a free MSHR costs 78% of cycles: the misses are independent but too few can be in flight at once.,Increase cpu.mshrs; Reduce memory.latency_cycles to shorten MSHR occupancy; Improve locality so fewer misses need to be tracked,2000000,0.132735291,15067582.89,0.0,0.0,1.6886131532746365e-05,0.00029814846598587557,0.7831960995980408,0.21648886580444057
l1_capacity_latency,random_access,l1.size_kb,64,/workspace/traces/random_access.trace,3.5,4,0,16,64,64,8,6,512.0,64.0,8.0,12.0,180,50,10000000,11667612,0.8570734097,1.1667612,0.003333603429,1000000,0,1000000,8207,991793,0.008207,0,0,991793.0,56890.0,934903.0,0.05736075976,0.0,0.0,934903,0,59833792,0,406080,186.590136,15.98792401,17.94868324,0.3589736649,2500000,0,0,195,3550,9163867,9167612,0.7857316476,Memory-level parallelism,Waiting for a free MSHR costs 78% of cycles: the misses are independent but too few can be in flight at once.,Increase cpu.mshrs; Reduce memory.latency_cycles to shorten MSHR occupancy; Improve locality so fewer misses need to be tracked,2000000,0.131715695,15184219.31,0.0,0.0,1.671293148932275e-05,0.00030426106044664493,0.7854106735808493,0.21426835242721476
l1_capacity_latency,random_access,l1.size_kb,128,/workspace/traces/random_access.trace,3.5,4,0,16,128,64,8,8,512.0,64.0,8.0,12.0,180,50,10000000,11780155,0.8488852651,1.1780155,0.003365758571,1000000,0,1000000,16355,983645,0.016355,0,0,983645.0,48730.0,934915.0,0.04954023047,0.0,0.0,934915,0,59834560,0,387235,188.475675,15.98831552,17.77743671,0.3555487343,2500000,0,0,197,3374,9276584,9280155,0.7877786837,Memory-level parallelism,Waiting for a free MSHR costs 78% of cycles: the misses are independent but too few can be in flight at once.,Increase cpu.mshrs; Reduce memory.latency_cycles to shorten MSHR occupancy; Improve locality so fewer misses need to be tracked,2000000,0.132624307,15080191.9,0.0,0.0,1.672303972231265e-05,0.0002864138884420451,0.7874755467988325,0.2122213162730032
l1_capacity_latency,random_access,l1.size_kb,256,/workspace/traces/random_access.trace,3.5,4,0,16,256,64,8,11,512.0,64.0,8.0,12.0,180,50,10000000,11940128,0.8375119597,1.1940128,0.003411465143,1000000,0,1000000,32631,967369,0.032631,0,0,967369.0,32458.0,934911.0,0.03355286349,0.0,0.0,934911,0,59834304,0,366614,191.259022,15.98811009,17.53918082,0.3507836164,2500000,0,0,200,3021,9436907,9440128,0.7906220101,Memory-level parallelism,Waiting for a free MSHR costs 79% of cycles: the misses are independent but too few can be in flight at once.,Increase cpu.mshrs; Reduce memory.latency_cycles to shorten MSHR occupancy; Improve locality so fewer misses need to be tracked,2000000,0.131844664,15169366.28,0.0,0.0,1.6750239193415682e-05,0.00025301236301654385,0.790352247480094,0.20937798991769602
l1_capacity_latency,random_access,l1.size_kb,512,/workspace/traces/random_access.trace,3.5,4,0,16,512,64,8,16,512.0,64.0,8.0,12.0,180,50,10000000,12189023,0.8204102987,1.2189023,0.003482578,1000000,0,1000000,65091,934909,0.065091,0,0,934909.0,1760.0,933149.0,0.001882536161,0.0,0.0,933149,0,59721536,0,546378,195.732106,15.97262143,17.14865712,0.3429731423,2500000,0,0,205,7040,9681778,9689023,0.7948974253,Memory-level parallelism,Waiting for a free MSHR costs 79% of cycles: the misses are independent but too few can be in flight at once.,Increase cpu.mshrs; Reduce memory.latency_cycles to shorten MSHR occupancy; Improve locality so fewer misses need to be tracked,2000000,0.125566269,15927844.44,0.0,0.0,1.6818411122860298e-05,0.000577568850267983,0.7943030380695811,0.20510257466902804
l1_capacity_latency,random_access,l1.size_kb,1024,/workspace/traces/random_access.trace,3.5,4,0,16,1024,64,8,23,512.0,64.0,8.0,12.0,180,50,10000000,11743476,0.8515366319,1.1743476,0.003355278857,1000000,0,1000000,129668,870332,0.129668,0,0,870332.0,24.0,870308.0,2.757568376e-05,0.0,0.0,870308,0,55699712,0,442337,190.541761,15.97136972,16.6006208,0.3320124161,2500000,0,0,212,6046,9237218,9243476,0.787115842,Memory-level parallelism,Waiting for a free MSHR costs 78% of cycles: the misses are independent but too few can be in flight at once.,Increase cpu.mshrs; Reduce memory.latency_cycles to shorten MSHR occupancy; Improve locality so fewer misses need to be tracked,2000000,0.122137917,16374931.3,0.0,0.0,1.8052576596571578e-05,0.0005148390476550555,0.78658295039731,0.2128841579784384
l1_capacity_latency,pointer_chase,l1.size_kb,8,/workspace/traces/pointer_chase.trace,3.5,4,0,16,8,64,8,2,512.0,64.0,8.0,12.0,180,50,3000000,184333064,0.01627488816,61.44435467,0.05266658971,1000000,1000000,1000000,883,999117,0.000883,0,0,999117.0,56930.0,942187.0,0.05698031362,0.0,0.0,942187,0,60299968,0,0,183.583064,0.9959216975,1.144937774,0.02289875548,750000,1766,797020,182784278,0,0,183583064,0.995931278,DRAM latency,"Waiting for DRAM costs 99% of cycles and the bus is not saturated, so the exposed latency is the problem.",Increase l2.size_kb to keep the working set on chip; Reduce memory.latency_cycles; Increase cpu.mshrs if the misses are independent,2000000,0.125068951,15991179.14,9.580484160996749e-06,0.004323803785955622,0.991597893690955,0.0,0.0,0.004068722038928404
l1_capacity_latency,pointer_chase,l1.size_kb,16,/workspace/traces/pointer_chase.trace,3.5,4,0,16,16,64,8,3,512.0,64.0,8.0,12.0,180,50,3000000,185322264,0.01618801722,61.774088,0.05294921829,1000000,1000000,1000000,1768,998232,0.001768,0,0,998232.0,56046.0,942186.0,0.05614526483,0.0,0.0,942186,0,60299904,0,0,184.572264,0.9959243753,1.138825198,0.02277650396,750000,5304,840690,183726270,0,0,184572264,0.9959529957,DRAM latency,"Waiting for DRAM costs 99% of cycles and the bus is not saturated, so the exposed latency is the problem.",Increase l2.size_kb to keep the working set on chip; Reduce memory.latency_cycles; Increase cpu.mshrs if the misses are independent,2000000,0.125188123,15975956.44,2.8620414436551456e-05,0.004536368064227836,0.9913880072175246,0.0,0.0,0.004047004303811009
l1_capacity_latency,pointer_chase,l1.size_kb,32,/workspace/traces/pointer_chase.trace,3.5,4,0,16,32,64,8,4,512.0,64.0,8.0,12.0,180,50,3000000,186299824,0.01610307479,62.09994133,0.05322852114,1000000,1000000,1000000,3638,996362,0.003638,0,0,996362.0,54176.0,942186.0,0.05437381193,0.0,0.0,942186,0,60299904,0,0,185.549824,0.9958961207,1.132849508,0.02265699016,750000,14552,866816,184668456,0,0,185549824,0.9959742313,DRAM latency,"Waiting for DRAM costs 99% of cycles and the bus is not saturated, so the exposed latency is the problem.",Increase l2.size_kb to keep the working set on chip; Reduce memory.latency_cycles; Increase cpu.mshrs if the misses are independent,2000000,0.126119874,15857928.94,7.811064813458976e-05,0.00465280096024138,0.9912433196930985,0.0,0.0,0.004025768698525448
l1_capacity_latency,pointer_chase,l1.size_kb,64,/workspace/traces/pointer_chase.trace,3.5,4,0,16,64,64,8,6,512.0,64.0,8.0,12.0,180,50,3000000,188256240,0.01593572675,62.75208,0.05378749714,1000000,1000000,1000000,7255,992745,0.007255,0,0,992745.0,50560.0,942185.0,0.05092949348,0.0,0.0,942185,0,60299840,0,0,187.50624,0.9957848409,1.121075402,0.02242150805,750000,43530,910080,186552630,0,0,187506240,0.9960160683,DRAM latency,"Waiting for DRAM costs 99% of cycles and the bus is not saturated, so the exposed latency is the problem.",Increase l2.size_kb to keep the working set on chip; Reduce memory.latency_cycles; Increase cpu.mshrs if the misses are independent,2000000,0.12664731,15791886.93,0.00023122739517160228,0.00483426206748844,0.9909505788493386,0.0,0.0,0.003983931688001418
l1_capacity_latency,pointer_chase,l1.size_kb,128,/workspace/traces/pointer_chase.trace,3.5,4,0,16,128,64,8,8,512.0,64.0,8.0,12.0,180,50,3000000,190169132,0.01577543089,63.38971067,0.05433403771,1000000,1000000,1000000,14499,985501,0.014499,0,0,985501.0,43317.0,942184.0,0.0439542933,0.0,0.0,942184,0,60299776,0,0,189.419132,0.995446201,1.109797441,0.02219594881,750000,115992,866340,188436800,0,0,189419132,0.9960561423,DRAM latency,"Waiting for DRAM costs 99% of cycles and the bus is not saturated, so the exposed latency is the problem.",Increase l2.size_kb to keep the working set on chip; Reduce memory.latency_cycles; Increase cpu.mshrs if the misses are independent,2000000,0.128099974,15612805.67,0.0006099412600778974,0.00455562893351167,0.9908905720829604,0.0,0.0,0.003943857723450092
l1_capacity_latency,pointer_chase,l1.size_kb,256,/workspace/traces/pointer_chase.trace,3.5,4,0,16,256,64,8,11,512.0,64.0,8.0,12.0,180,50,3000000,192984272,0.01554530827,64.32809067,0.05513836343,1000000,1000000,1000000,28989,971011,0.028989,0,0,971011.0,28888.0,942123.0,0.02975043537,0.0,0.0,942123,0,60295872,0,0,192.234272,0.9944613155,1.093537571,0.02187075142,750000,318879,664424,191250969,0,0,192234272,0.9961136729,DRAM latency,"Waiting for DRAM costs 99% of cycles and the bus is not saturated, so the exposed latency is the problem.",Increase l2.size_kb to keep the working set on chip; Reduce memory.latency_cycles; Increase cpu.mshrs if the misses are independent,2000000,0.128450459,15570205.16,0.0016523574522176606,0.0034428919679008866,0.9910184235117357,0.0,0.0,0.0038863270681457397
l1_capacity_latency,pointer_chase,l1.size_kb,512,/workspace/traces/pointer_chase.trace,3.5,4,0,16,512,64,8,16,512.0,64.0,8.0,12.0,180,50,3000000,197391604,0.01519821481,65.79720133,0.05639760114,1000000,1000000,1000000,57813,942187,0.057813,0,0,942187.0,1435.0,940752.0,0.001523052218,0.0,0.0,940752,0,60208128,0,0,196.641604,0.9915142895,1.067565407,0.02135130813,750000,925008,40180,195676416,0,0,196641604,0.9962004463,DRAM latency,"Waiting for DRAM costs 99% of cycles and the bus is not saturated, so the exposed latency is the problem.",Increase l2.size_kb to keep the working set on chip; Reduce memory.latency_cycles; Increase cpu.mshrs if the misses are independent,2000000,0.122448325,16333420.65,0.0046861567627770025,0.0002035547570706199,0.9913107347767436,0.0,0.0,0.0037995537034087833
l1_capacity_latency,pointer_chase,l1.size_kb,1024,/workspace/traces/pointer_chase.trace,3.5,4,0,16,1024,64,8,23,512.0,64.0,8.0,12.0,180,50,3000000,193706564,0.01548734301,64.56885467,0.05534473257,1000000,1000000,1000000,114788,885212,0.114788,0,0,885212.0,23.0,885189.0,2.598247651e-05,0.0,0.0,885189,0,56652096,0,0,192.956564,0.9824986623,1.023622184,0.02047244367,750000,2640124,805,190315635,0,0,192956564,0.9961281642,DRAM latency,"Waiting for DRAM costs 98% of cycles and the bus is not saturated, so the exposed latency is the problem.",Increase l2.size_kb to keep the working set on chip; Reduce memory.latency_cycles; Increase cpu.mshrs if the misses are independent,2000000,0.121977567,16396457.56,0.013629501992508628,4.1557703744102346e-06,0.9824945064845608,0.0,0.0,0.0038718357525561187
l1_capacity_latency,strided,l1.size_kb,8,/workspace/traces/strided.trace,3.5,4,0,16,8,64,8,2,512.0,64.0,8.0,12.0,180,50,6999888,1750144,3.999606889,0.2500245718,0.0005000411429,999984,0,999984,332333,667651,0.3323383174,0,0,667651.0,667627.0,24.0,0.9999640531,0.0,0.0,24,0,1536,0,271,10.01653126,5.343391744,0.003071747239,6.143494478e-05,1749972,0,12,0,0,160,172,9.827762744e-05,Compute,Memory stalls account for only 0% of cycles; the machine is limited by instruction issue.,Increase cpu.issue_width; Reduce the instruction count (vectorise the inner loop),1999968,0.075487473,26494038.29,0.0,6.856578658670372e-06,0.0,0.0,9.142104878227163e-05,0.999901722372559
l1_capacity_latency,strided,l1.size_kb,16,/workspace/traces/strided.trace,3.5,4,0,16,16,64,8,3,512.0,64.0,8.0,12.0,180,50,6999888,1750147,3.999600034,0.2500250004,0.000500042,999984,0,999984,332333,667651,0.3323383174,0,0,667651.0,667627.0,24.0,0.9999640531,0.0,0.0,24,0,1536,0,270,11.01653026,5.724864826,0.003071741974,6.143483947e-05,1749972,0,13,0,0,162,175,9.999160071e-05,Compute,Memory stalls account for only 0% of cycles; the machine is limited by instruction issue.,Increase cpu.issue_width; Reduce the instruction count (vectorise the inner loop),1999968,0.077260287,25886106.27,0.0,7.427947480983026e-06,0.0,0.0,9.256365322455771e-05,0.9999000083992945
l1_capacity_latency,strided,l1.size_kb,32,/workspace/traces/strided.trace,3.5,4,0,16,32,64,8,4,512.0,64.0,8.0,12.0,180,50,6999888,1750150,3.999593178,0.250025429,0.0005000428571,999984,0,999984,332333,667651,0.3323383174,0,0,667651.0,667627.0,24.0,0.9999640531,0.0,0.0,24,0,1536,0,269,12.01652926,6.1063366,0.003071736708,6.143473417e-05,1749972,0,14,0,0,164,178,0.0001017055681,Compute,Memory stalls account for only 0% of cycles; the machine is limited by instruction issue.,Increase cpu.issue_width; Reduce the instruction count (vectorise the inner loop),1999968,0.076556567,26124055.43,0.0,7.999314344484759e-06,0.0,0.0,9.37062537496786e-05,0.9998982944319058
l1_capacity_latency,strided,l1.size_kb,64,/workspace/traces/strided.trace,3.5,4,0,16,64,64,8,6,512.0,64.0,8.0,12.0,180,50,6999888,1750131,3.999636599,0.2500227146,0.0005000374286,999984,0,999984,666091,333893,0.6661016576,0,0,333893.0,333869.0,24.0,0.9999281207,0.0,0.0,24,0,1536,0,298,10.01139818,3.436709595,0.003071770056,6.143540112e-05,1749972,0,13,0,0,146,159,9.085034206e-05,Compute,Memory stalls account for only 0% of cycles; the machine is limited by instruction issue.,Increase cpu.issue_width; Reduce the instruction count (vectorise the inner loop),1999968,0.063889541,31303527.44,0.0,7.428015388562342e-06,0.0,0.0,8.34223266715463e-05,0.9999091496579399
l1_capacity_latency,strided,l1.size_kb,128,/workspace/traces/strided.trace,3.5,4,0,16,128,64,8,8,512.0,64.0,8.0,12.0,180,50,6999888,1750120,3.999661737,0.2500211432,0.0005000342857,999984,0,999984,999960,24,0.9999759996,0,0,24.0,0.0,24.0,0.0,0.0,0.0,24,0,1536,0,298,8.004906078,0.002912943112,0.003071789363,6.143578726e-05,1749972,0,0,0,0,148,148,8.456562979e-05,Compute,Memory stalls account for only 0% of cycles; the machine is limited by instruction issue.,Increase cpu.issue_width; Reduce the instruction count (vectorise the inner loop),1999968,0.047581208,42032728.55,0.0,0.0,0.0,0.0,8.456562978538614e-05,0.9999154343702146
l1_capacity_latency,strided,l1.size_kb,256,/workspace/traces/strided.trace,3.5,4,0,16,256,64,8,11,512.0,64.0,8.0,12.0,180,50,6999888,1750123,3.999654881,0.2500215718,0.0005000351429,999984,0,999984,999960,24,0.9999759996,0,0,24.0,0.0,24.0,0.0,0.0,0.0,24,0,1536,0,298,11.00490608,0.002954078085,0.003071784097,6.143568195e-05,1749972,0,0,0,0,151,151,8.627965006e-05,Compute,Memory stalls account for only 0% of cycles; the machine is limited by instruction issue.,Increase cpu.issue_width; Reduce the instruction count (vectorise the inner loop),1999968,0.044392686,45051745.69,0.0,0.0,0.0,0.0,8.627965005888158e-05,0.9999137203499411
l1_capacity_latency,strided,l1.size_kb,512,/workspace/traces/strided.trace,3.5,4,0,16,512,64,8,16,512.0,64.0,8.0,12.0,180,50,6999888,1750128,3.999643455,0.2500222861,0.0005000365714,999984,0,999984,999960,24,0.9999759996,0,0,24.0,0.0,24.0,0.0,0.0,0.0,24,0,1536,0,298,16.00490608,0.003022636059,0.003071775322,6.143550643e-05,1749972,0,0,0,0,156,156,8.913633746e-05,Compute,Memory stalls account for only 0% of cycles; the machine is limited by instruction issue.,Increase cpu.issue_width; Reduce the instruction count (vectorise the inner loop),1999968,0.04224318,47344163.01,0.0,0.0,0.0,0.0,8.913633745646033e-05,0.9999108636625436
l1_capacity_latency,strided,l1.size_kb,1024,/workspace/traces/strided.trace,3.5,4,0,16,1024,64,8,23,512.0,64.0,8.0,12.0,180,50,6999888,1750135,3.999627457,0.2500232861,0.0005000385714,999984,0,999984,999960,24,0.9999759996,0,0,24.0,0.0,24.0,0.0,0.0,0.0,24,0,1536,0,298,23.00490608,0.003118616564,0.003071763035,6.143526071e-05,1749972,0,0,0,0,163,163,9.313567239e-05,Compute,Memory stalls account for only 0% of cycles; the machine is limited by instruction issue.,Increase cpu.issue_width; Reduce the instruction count (vectorise the inner loop),1999968,0.038335323,52170370.39,0.0,0.0,0.0,0.0,9.313567239098699e-05,0.999906864327609
l1_capacity_latency,matrix_naive,l1.size_kb,8,/workspace/traces/matrix_naive.trace,3.5,4,0,16,8,64,8,2,512.0,64.0,8.0,12.0,180,50,35463168,8957297,3.959137226,0.2525802827,0.002559227714,14229504,0,14229504,6984192,7245312,0.4908246978,36856,0,7245312.0,7231488.0,13824.0,0.9980920076,2896.0,36856.0,13824,2896,884736,185344,75749,8.28650057,11.60443926,0.4181261378,0.008362522757,8865792,0,14,0,258,91233,91505,0.01021569342,Compute,Memory stalls account for only 1% of cycles; the machine is limited by instruction issue.,Increase cpu.issue_width; Reduce the instruction count (vectorise the inner loop),21307392,0.972261275,21915294.32,0.0,1.562971508034176e-06,0.0,2.8803332076629814e-05,0.010185327113748713,0.9897843065826666
l1_capacity_latency,matrix_naive,l1.size_kb,16,/workspace/traces/matrix_naive.trace,3.5,4,0,16,16,64,8,3,512.0,64.0,8.0,12.0,180,50,35463168,8960789,3.957594359,0.2526787511,0.002560225429,14229504,0,14229504,6986448,7243056,0.4909832416,36856,0,7243056.0,7229232.0,13824.0,0.9980914133,2896.0,36856.0,13824,2896,884736,185344,77669,9.284535357,12.40459841,0.417963195,0.0083592639,8865792,0,15,0,233,94749,94997,0.01060141021,Compute,Memory stalls account for only 1% of cycles; the machine is limited by instruction issue.,Increase cpu.issue_width; Reduce the instruction count (vectorise the inner loop),21307392,0.982448084,21688058.99,0.0,1.6739597372508157e-06,0.0,2.6002174585296004e-05,0.010573734076318503,0.9893985897893589
l1_capacity_latency,matrix_naive,l1.size_kb,32,/workspace/traces/matrix_naive.trace,3.5,4,0,16,32,64,8,4,512.0,64.0,8.0,12.0,180,50,35463168,8964365,3.956015624,0.2527795881,0.002561247143,14229504,0,14229504,6990648,7238856,0.491278403,36856,0,7238856.0,7225032.0,13824.0,0.998090306,2896.0,36856.0,13824,2896,884736,185344,80086,10.28098042,13.20011624,0.4177964641,0.008355929282,8865792,0,16,0,219,98338,98573,0.01099609398,Compute,Memory stalls account for only 1% of cycles; the machine is limited by instruction issue.,Increase cpu.issue_width; Reduce the instruction count (vectorise the inner loop),21307392,0.981349158,21712345.53,0.0,1.7848447714924594e-06,0.0,2.4430062809803038e-05,0.010969879071189091,0.9890039060212296
l1_capacity_latency,matrix_naive,l1.size_kb,64,/workspace/traces/matrix_naive.trace,3.5,4,0,16,64,64,8,6,512.0,64.0,8.0,12.0,180,50,35463168,8982556,3.948004109,0.2532925428,0.002566444571,14229504,0,14229504,6998520,7230984,0.4918316197,36856,0,7230984.0,7217160.0,13824.0,0.998088227,2896.0,36856.0,13824,2896,884736,185344,84913,12.27430352,14.76930742,0.4169503647,0.008339007294,8865792,0,18,0,239,116507,116764,0.01299897268,Compute,Memory stalls account for only 1% of cycles; the machine is limited by instruction issue.,Increase cpu.issue_width; Reduce the instruction count (vectorise the inner loop),21307392,0.990381323,21514331.4,0.0,2.00388397244615e-06,0.0,2.660712607859055e-05,0.012970361665432422,0.9870010273245166
l1_capacity_latency,matrix_naive,l1.size_kb,128,/workspace/traces/matrix_naive.trace,3.5,4,0,16,128,64,8,8,512.0,64.0,8.0,12.0,180,50,35463168,9048810,3.919097428,0.255160791,0.002585374286,14229504,0,14229504,13335552,893952,0.9371761658,4592,0,893952.0,880128.0,13824.0,0.9845360825,2560.0,4592.0,13824,2560,884736,163840,81761,8.930150271,2.253024762,0.4055799602,0.008111599205,8865792,0,0,0,150,182868,183018,0.02022564293,Compute,Memory stalls account for only 2% of cycles; the machine is limited by instruction issue.,Increase cpu.issue_width; Reduce the instruction count (vectorise the inner loop),21307392,0.617873637,34485031.77,0.0,0.0,0.0,1.6576765342625164e-05,0.020209066164501188,0.9797743570701561
l1_capacity_latency,matrix_naive,l1.size_kb,256,/workspace/traces/matrix_naive.trace,3.5,4,0,16,256,64,8,11,512.0,64.0,8.0,12.0,180,50,35463168,9200949,3.854294595,0.2594508477,0.002628842571,14229504,0,14229504,13335552,893952,0.9371761658,4584,0,893952.0,880128.0,13824.0,0.9845360825,2560.0,4584.0,13824,2560,884736,163840,89441,11.93015027,2.507246698,0.3988736379,0.007977472759,8865792,0,0,0,150,335007,335157,0.03642635124,Compute,Memory stalls account for only 3% of cycles; the machine is limited by instruction issue.,Increase cpu.issue_width; Reduce the instruction count (vectorise the inner loop),21307392,0.616208968,34578191.99,0.0,0.0,0.0,1.6302666170630877e-05,0.03641004857216359,0.9635736487616657
l1_capacity_latency,matrix_naive,l1.size_kb,512,/workspace/traces/matrix_naive.trace,3.5,4,0,16,512,64,8,16,512.0,64.0,8.0,12.0,180,50,35463168,8931747,3.970462665,0.2518598169,0.002551927714,14229504,0,14229504,14215680,13824,0.9990284974,3050,0,13824.0,0.0,13824.0,0.0,0.0,3050.0,13824,0,884736,0,19305,16.18788519,0.3240907966,0.3466932057,0.006933864114,8865792,0,0,0,150,65805,65955,0.007384333658,Compute,Memory stalls account for only 0% of cycles; the machine is limited by instruction issue.,Increase cpu.issue_width; Reduce the instruction count (vectorise the inner loop),21307392,0.491618396,43341323.62,0.0,0.0,0.0,1.679402696919203e-05,0.007367539631384543,0.9926156663416462
l1_capacity_latency,matrix_naive,l1.size_kb,1024,/workspace/traces/matrix_naive.trace,3.5,4,0,16,1024,64,8,23,512.0,64.0,8.0,12.0,180,50,35463168,8935107,3.968969594,0.2519545631,0.002552887714,14229504,0,14229504,14215680,13824,0.9990284974,0,0,13824.0,0.0,13824.0,0.0,0.0,0.0,13824,0,884736,0,19305,23.18788519,0.3347990125,0.3465628336,0.006931256671,8865792,0,0,0,150,69165,69315,0.00775760156,Compute,Memory stalls account for only 0% of cycles; the machine is limited by instruction issue.,Increase cpu.issue_width; Reduce the instruction count (vectorise the inner loop),21307392,0.467804913,45547602.02,0.0,0.0,0.0,1.6787711663665583e-05,0.007740813848116201,0.9922423984402201
l1_capacity_latency,matrix_blocked,l1.size_kb,8,/workspace/traces/matrix_blocked.trace,3.5,4,0,16,8,64,8,2,512.0,64.0,8.0,12.0,180,50,35831808,9038349,3.964419608,0.2522437327,0.002582385429,14598144,0,14598144,7133184,7464960,0.4886363636,221180,0,7464960.0,7449120.0,15840.0,0.9978780864,2984.0,221180.0,15840,2984,1013760,190976,192145,8.339643314,11.89121442,0.4665206002,0.009330412003,8957952,0,14,0,747,79636,80397,0.008895097987,Compute,Memory stalls account for only 0% of cycles; the machine is limited by instruction issue.,Increase cpu.issue_width; Reduce the instruction count (vectorise the inner loop),21676032,0.966071762,22437289.71,0.0,1.5489554563560225e-06,0.0,8.26478375641392e-05,0.008810901194454872,0.9911049020125247
l1_capacity_latency,matrix_blocked,l1.size_kb,16,/workspace/traces/matrix_blocked.trace,3.5,4,0,16,16,64,8,3,512.0,64.0,8.0,12.0,180,50,35831808,9025390,3.970111873,0.2518820708,0.002578682857,14598144,0,14598144,11697888,2900256,0.8013270728,221180,0,2900256.0,2884416.0,15840.0,0.9945384132,2984.0,221180.0,15840,2984,1013760,190976,195198,5.587345761,5.148942483,0.4671904483,0.009343808966,8957952,0,15,0,664,66759,67438,0.00747203168,Compute,Memory stalls account for only 0% of cycles; the machine is limited by instruction issue.,Increase cpu.issue_width; Reduce the instruction count (vectorise the inner loop),21676032,0.746714268,29028549.38,0.0,1.6619780419461098e-06,0.0,7.35702279901478e-05,0.007396799473485357,0.9925279683204825
l1_capacity_latency,matrix_blocked,l1.size_kb,32,/workspace/traces/matrix_blocked.trace,3.5,4,0,16,32,64,8,4,512.0,64.0,8.0,12.0,180,50,35831808,9008983,3.977342171,0.2514241816,0.002573995143,14598144,0,14598144,14515740,82404,0.9943551728,27044,0,82404.0,66396.0,16008.0,0.8057375856,2984.0,27044.0,16008,2984,1024512,190976,200647,4.273249257,0.4793602119,0.4722184513,0.009444369026,8957952,0,0,0,653,50378,51031,0.005664457353,Compute,Memory stalls account for only 0% of cycles; the machine is limited by instruction issue.,Increase cpu.issue_width; Reduce the instruction count (vectorise the inner loop),21676032,0.521491941,41565420.85,0.0,0.0,0.0,7.248320925902514e-05,0.005591974144029354,0.9943355426467116
l1_capacity_latency,matrix_blocked,l1.size_kb,64,/workspace/traces/matrix_blocked.trace,3.5,4,0,16,64,64,8,6,512.0,64.0,8.0,12.0,180,50,35831808,9009943,3.976918389,0.2514509734,0.002574269429,14598144,0,14598144,14539056,59088,0.9959523622,4476,0,59088.0,43080.0,16008.0,0.7290820471,2896.0,4476.0,16008,2896,1024512,185344,193184,6.253769246,0.4505120621,0.4699803317,0.009399606635,8957952,0,0,0,634,51357,51991,0.005770402765,Compute,Memory stalls account for only 0% of cycles; the machine is limited by instruction issue.,Increase cpu.issue_width; Reduce the instruction count (vectorise the inner loop),21676032,0.521198199,41588846.7,0.0,0.0,0.0,7.036670487260574e-05,0.005700036060161535,0.9942295972349658
l1_capacity_latency,matrix_blocked,l1.size_kb,128,/workspace/traces/matrix_blocked.trace,3.5,4,0,16,128,64,8,8,512.0,64.0,8.0,12.0,180,50,35831808,9003719,3.979667513,0.251277273,0.002572491143,14598144,0,14598144,14553690,44454,0.9969548184,4352,0,44454.0,29428.0,15026.0,0.6619876727,2684.0,4352.0,15026,2684,961664,171776,156331,8.227949046,0.4090826246,0.4406001564,0.008812003129,8957952,0,0,0,588,45179,45767,0.005083121763,Compute,Memory stalls account for only 0% of cycles; the machine is limited by instruction issue.,Increase cpu.issue_width; Reduce the instruction count (vectorise the inner loop),21676032,0.490904622,44155281.96,0.0,0.0,0.0,6.530634729937707e-05,0.005017815416051967,0.9949168782366486
l1_capacity_latency,matrix_blocked,l1.size_kb,256,/workspace/traces/matrix_blocked.trace,3.5,4,0,16,256,64,8,11,512.0,64.0,8.0,12.0,180,50,35831808,8999743,3.981425692,0.2511663101,0.002571355143,14598144,0,14598144,14561280,36864,0.9974747475,4096,0,36864.0,22586.0,14278.0,0.6126844618,2436.0,4096.0,14278,2436,913792,155904,146437,11.211501,0.3881250831,0.4160047681,0.008320095363,8957952,0,0,0,577,41214,41791,0.004643577044,Compute,Memory stalls account for only 0% of cycles; the machine is limited by instruction issue.,Increase cpu.issue_width; Reduce the instruction count (vectorise the inner loop),21676032,0.484407952,44747473.51,0.0,0.0,0.0,6.411294189178513e-05,0.004579464102474926,0.9953564229556333
l1_capacity_latency,matrix_blocked,l1.size_kb,512,/workspace/traces/matrix_blocked.trace,3.5,4,0,16,512,64,8,16,512.0,64.0,8.0,12.0,180,50,35831808,9007743,3.977889689,0.2513895754,0.002573640857,14598144,0,14598144,14582304,15840,0.9989149306,3050,0,15840.0,496.0,15344.0,0.03131313131,336.0,3050.0,15344,336,982016,21504,106206,16.20874332,0.3664297483,0.3899223146,0.007798446292,8957952,0,0,0,577,49214,49791,0.005527577774,Compute,Memory stalls account for only 0% of cycles; the machine is limited by instruction issue.,Increase cpu.issue_width; Reduce the instruction count (vectorise the inner loop),21676032,0.484941754,44698217.51,0.0,0.0,0.0,6.405600159773652e-05,0.0054635217723240995,0.9944724222260781
l1_capacity_latency,matrix_blocked,l1.size_kb,1024,/workspace/traces/matrix_blocked.trace,3.5,4,0,16,1024,64,8,23,512.0,64.0,8.0,12.0,180,50,35831808,8997440,3.982444784,0.2511020376,0.002570697143,14598144,0,14598144,14584320,13824,0.9990530303,0,0,13824.0,0.0,13824.0,0.0,0.0,0.0,13824,0,884736,0,65033,23.18627306,0.3375619065,0.3441618949,0.006883237899,8957952,0,0,0,577,38911,39488,0.004388803926,Compute,Memory stalls account for only 0% of cycles; the machine is limited by instruction issue.,Increase cpu.issue_width; Reduce the instruction count (vectorise the inner loop),21676032,0.468278205,46288791.08,0.0,0.0,0.0,6.412935234911264e-05,0.004324674574101078,0.9956111960735499
l2_capacity,sequential,l2.size_kb,64,/workspace/traces/sequential.trace,3.5,4,0,16,32,64,8,4,64.0,64.0,8.0,12.0,180,50,4000000,1531404,2.611982207,0.382851,0.000437544,1000000,0,1000000,875000,125000,0.875,0,0,125000.0,0.0,125000.0,0.0,0.0,0.0,125000,0,8000000,0,0,28.0,15.99839102,18.28387545,0.365677509,1000000,0,0,188,0,531216,531404,0.3470044482,Memory-level parallelism,Waiting for a free MSHR costs 34% of cycles: the misses are independent but too few can be in flight at once.,Increase cpu.mshrs; Reduce memory.latency_cycles to shorten MSHR occupancy; Improve locality so fewer misses need to be tracked,2000000,0.045236847,44211746.23,0.0,0.0,0.00012276316373732862,0.0,0.3468816850419615,0.6529955517943011
l2_capacity,sequential,l2.size_kb,128,/workspace/traces/sequential.trace,3.5,4,0,16,32,64,8,4,128.0,64.0,8.0,12.0,180,50,4000000,1531404,2.611982207,0.382851,0.000437544,1000000,0,1000000,875000,125000,0.875,0,0,125000.0,0.0,125000.0,0.0,0.0,0.0,125000,0,8000000,0,0,28.0,15.99839102,18.28387545,0.365677509,1000000,0,0,188,0,531216,531404,0.3470044482,Memory-level parallelism,Waiting for a free MSHR costs 34% of cycles: the misses are independent but too few can be in flight at once.,Increase cpu.mshrs; Reduce memory.latency_cycles to shorten MSHR occupancy; Improve locality so fewer misses need to be tracked,2000000,0.045016258,44428392.96,0.0,0.0,0.00012276316373732862,0.0,0.3468816850419615,0.6529955517943011
l2_capacity,sequential,l2.size_kb,256,/workspace/traces/sequential.trace,3.5,4,0,16,32,64,8,4,256.0,64.0,8.0,12.0,180,50,4000000,1531404,2.611982207,0.382851,0.000437544,1000000,0,1000000,875000,125000,0.875,0,0,125000.0,0.0,125000.0,0.0,0.0,0.0,125000,0,8000000,0,0,28.0,15.99839102,18.28387545,0.365677509,1000000,0,0,188,0,531216,531404,0.3470044482,Memory-level parallelism,Waiting for a free MSHR costs 34% of cycles: the misses are independent but too few can be in flight at once.,Increase cpu.mshrs; Reduce memory.latency_cycles to shorten MSHR occupancy; Improve locality so fewer misses need to be tracked,2000000,0.045358037,44093618.95,0.0,0.0,0.00012276316373732862,0.0,0.3468816850419615,0.6529955517943011
l2_capacity,sequential,l2.size_kb,512,/workspace/traces/sequential.trace,3.5,4,0,16,32,64,8,4,512.0,64.0,8.0,12.0,180,50,4000000,1531404,2.611982207,0.382851,0.000437544,1000000,0,1000000,875000,125000,0.875,0,0,125000.0,0.0,125000.0,0.0,0.0,0.0,125000,0,8000000,0,0,28.0,15.99839102,18.28387545,0.365677509,1000000,0,0,188,0,531216,531404,0.3470044482,Memory-level parallelism,Waiting for a free MSHR costs 34% of cycles: the misses are independent but too few can be in flight at once.,Increase cpu.mshrs; Reduce memory.latency_cycles to shorten MSHR occupancy; Improve locality so fewer misses need to be tracked,2000000,0.045013264,44431348.06,0.0,0.0,0.00012276316373732862,0.0,0.3468816850419615,0.6529955517943011
l2_capacity,sequential,l2.size_kb,1024,/workspace/traces/sequential.trace,3.5,4,0,16,32,64,8,4,1024.0,64.0,8.0,12.0,180,50,4000000,1531404,2.611982207,0.382851,0.000437544,1000000,0,1000000,875000,125000,0.875,0,0,125000.0,0.0,125000.0,0.0,0.0,0.0,125000,0,8000000,0,0,28.0,15.99839102,18.28387545,0.365677509,1000000,0,0,188,0,531216,531404,0.3470044482,Memory-level parallelism,Waiting for a free MSHR costs 34% of cycles: the misses are independent but too few can be in flight at once.,Increase cpu.mshrs; Reduce memory.latency_cycles to shorten MSHR occupancy; Improve locality so fewer misses need to be tracked,2000000,0.052418714,38154312.6,0.0,0.0,0.00012276316373732862,0.0,0.3468816850419615,0.6529955517943011
l2_capacity,sequential,l2.size_kb,2048,/workspace/traces/sequential.trace,3.5,4,0,16,32,64,8,4,2048.0,64.0,8.0,12.0,180,50,4000000,1531404,2.611982207,0.382851,0.000437544,1000000,0,1000000,875000,125000,0.875,0,0,125000.0,0.0,125000.0,0.0,0.0,0.0,125000,0,8000000,0,0,28.0,15.99839102,18.28387545,0.365677509,1000000,0,0,188,0,531216,531404,0.3470044482,Memory-level parallelism,Waiting for a free MSHR costs 34% of cycles: the misses are independent but too few can be in flight at once.,Increase cpu.mshrs; Reduce memory.latency_cycles to shorten MSHR occupancy; Improve locality so fewer misses need to be tracked,2000000,0.044646482,44796362.68,0.0,0.0,0.00012276316373732862,0.0,0.3468816850419615,0.6529955517943011
l2_capacity,sequential,l2.size_kb,4096,/workspace/traces/sequential.trace,3.5,4,0,16,32,64,8,4,4096.0,64.0,8.0,12.0,180,50,4000000,1531404,2.611982207,0.382851,0.000437544,1000000,0,1000000,875000,125000,0.875,0,0,125000.0,0.0,125000.0,0.0,0.0,0.0,125000,0,8000000,0,0,28.0,15.99839102,18.28387545,0.365677509,1000000,0,0,188,0,531216,531404,0.3470044482,Memory-level parallelism,Waiting for a free MSHR costs 34% of cycles: the misses are independent but too few can be in flight at once.,Increase cpu.mshrs; Reduce memory.latency_cycles to shorten MSHR occupancy; Improve locality so fewer misses need to be tracked,2000000,0.052581509,38036184.93,0.0,0.0,0.00012276316373732862,0.0,0.3468816850419615,0.6529955517943011
l2_capacity,random_access,l2.size_kb,64,/workspace/traces/random_access.trace,3.5,4,0,16,32,64,8,4,64.0,64.0,8.0,12.0,180,50,10000000,12249442,0.8163637168,1.2249442,0.003499840571,1000000,0,1000000,4075,995925,0.004075,0,0,995925.0,4134.0,991791.0,0.004150914979,0.0,0.0,991791,0,63474624,0,1087828,195.561308,15.96358495,18.13643299,0.3627286598,2500000,0,0,192,14490,9734760,9749442,0.7959090708,Memory-level parallelism,Waiting for a free MSHR costs 79% of cycles: the misses are independent but too few can be in flight at once.,Increase cpu.mshrs; Reduce memory.latency_cycles to shorten MSHR occupancy; Improve locality so fewer misses need to be tracked,2000000,0.131490001,15210282.04,0.0,0.0,1.567418336280134e-05,0.0011829110256614138,0.7947104855878333,0.20409092920314248
l2_capacity,random_access,l2.size_kb,128,/workspace/traces/random_access.trace,3.5,4,0,16,32,64,8,4,128.0,64.0,8.0,12.0,180,50,10000000,12130621,0.8243601049,1.2130621,0.003465891714,1000000,0,1000000,4075,995925,0.004075,0,0,995925.0,12283.0,983642.0,0.01233325803,0.0,0.0,983642,0,62953088,0,768009,193.774669,15.97266694,18.16360498,0.3632720996,2500000,0,0,193,10263,9620165,9630621,0.7939099738,Memory-level parallelism,Waiting for a free MSHR costs 79% of cycles: the misses are independent but too few can be in flight at once.,Increase cpu.mshrs; Reduce memory.latency_cycles to shorten MSHR occupancy; Improve locality so fewer misses need to be tracked,2000000,0.133090188,15027403.82,0.0,0.0,1.591015002447113e-05,0.0008460407756536125,0.7930480228506026,0.2060900262237193
l2_capacity,random_access,l2.size_kb,256,/workspace/traces/random_access.trace,3.5,4,0,16,32,64,8,4,256.0,64.0,8.0,12.0,180,50,10000000,11923230,0.8386989096,1.192323,0.003406637143,1000000,0,1000000,4075,995925,0.004075,0,0,995925.0,28551.0,967374.0,0.02866782137,0.0,0.0,967374,0,61911936,0,509612,190.588032,15.98323038,18.17391563,0.3634783125,2500000,0,0,193,5679,9417358,9423230,0.7903252726,Memory-level parallelism,Waiting for a free MSHR costs 78% of cycles: the misses are independent but too few can be in flight at once.,Increase cpu.mshrs; Reduce memory.latency_cycles to shorten MSHR occupancy; Improve locality so fewer misses need to be tracked,2000000,0.132988826,15038857.48,0.0,0.0,1.618688895542567e-05,0.0004762971107661263,0.7898327885983916,0.20967472740188692
l2_capacity,random_access,l2.size_kb,512,/workspace/traces/random_access.trace,3.5,4,0,16,32,64,8,4,512.0,64.0,8.0,12.0,180,50,10000000,11547938,0.8659554632,1.1547938,0.003299410857,1000000,0,1000000,4075,995925,0.004075,0,0,995925.0,61021.0,934904.0,0.06127067801,0.0,0.0,934904,0,59833856,0,409279,184.643099,15.98785853,18.13470907,0.3626941814,2500000,0,0,195,3443,9044300,9047938,0.7835111342,Memory-level parallelism,Waiting for a free MSHR costs 78% of cycles: the misses are independent but too few can be in flight at once.,Increase cpu.mshrs; Reduce memory.latency_cycles to shorten MSHR occupancy; Improve locality so fewer misses need to be tracked,2000000,0.131955421,15156633.85,0.0,0.0,1.6886131532746365e-05,0.00029814846598587557,0.7831960995980408,0.21648886580444057
l2_capacity,random_access,l2.size_kb,1024,/workspace/traces/random_access.trace,3.5,4,0,16,32,64,8,4,1024.0,64.0,8.0,12.0,180,50,10000000,10820967,0.9241318267,1.0820967,0.003091704857,1000000,0,1000000,4075,995925,0.004075,0,0,995925.0,125593.0,870332.0,0.1261068856,0.0,0.0,870332,0,55701248,0,395959,173.006819,15.98660443,18.01635362,0.3603270724,2500000,0,0,193,3082,8317692,8320967,0.7689670433,Memory-level parallelism,Waiting for a free MSHR costs 76% of cycles: the misses are independent but too few can be in flight at once.,Increase cpu.mshrs; Reduce memory.latency_cycles to shorten MSHR occupancy; Improve locality so fewer misses need to be tracked,2000000,0.131648517,15191967.56,0.0,0.0,1.783574425464933e-05,0.00028481742897838985,0.7686643901603248,0.2310329566664421
l2_capacity,random_access,l2.size_kb,2048,/workspace/traces/random_access.trace,3.5,4,0,16,32,64,8,4,2048.0,64.0,8.0,12.0,180,50,10000000,9396847,1.064186743,0.9396847,0.002684813429,1000000,0,1000000,4075,995925,0.004075,0,0,995925.0,252429.0,743496.0,0.2534618571,0.0,0.0,743496,0,47583744,0,385485,150.165865,15.97871765,17.72329634,0.3544659267,2500000,0,0,191,1837,6894819,6896847,0.7339533143,Memory-level parallelism,Waiting for a free MSHR costs 73% of cycles: the misses are independent but too few can be in flight at once.,Increase cpu.mshrs; Reduce memory.latency_cycles to shorten MSHR occupancy; Improve locality so fewer misses need to be tracked,2000000,0.131671589,15189305.57,0.0,0.0,2.0325966784390553e-05,0.0001954911046226463,0.7337374972690308,0.2660466856595622
l2_capacity,random_access,l2.size_kb,4096,/workspace/traces/random_access.trace,3.5,4,0,16,32,64,8,4,4096.0,64.0,8.0,12.0,180,50,10000000,6653129,1.503052173,0.6653129,0.001900894,1000000,0,1000000,4075,995925,0.004075,0,0,995925.0,496577.0,499348.0,0.498608831,0.0,0.0,499348,0,31958272,0,267378,106.101118,15.94510162,16.81223256,0.3362446512,2500000,0,7,177,300,4152645,4153129,0.6242369568,Memory-level parallelism,Waiting for a free MSHR costs 62% of cycles: the misses are independent but too few can be in flight at once.,Increase cpu.mshrs; Reduce memory.latency_cycles to shorten MSHR occupancy; Improve locality so fewer misses need to be tracked,2000000,0.129308257,15466916.39,0.0,1.0521365210264222e-06,2.6604023460239534e-05,4.509156518684667e-05,0.6241642090511096,0.3757630432237222
l2_capacity,pointer_chase,l2.size_kb,64,/workspace/traces/pointer_chase.trace,3.5,4,0,16,32,64,8,4,64.0,64.0,8.0,12.0,180,50,3000000,195400444,0.01535308692,65.13348133,0.05582869829,1000000,1000000,1000000,3638,996362,0.003638,0,0,996362.0,3617.0,992745.0,0.003630206692,0.0,0.0,992745,0,63535680,0,0,194.650444,0.9960872556,1.138046953,0.02276093907,750000,14552,57872,194578020,0,0,194650444,0.9961617283,DRAM latency,"Waiting for DRAM costs 99% of cycles and the bus is not saturated, so the exposed latency is the problem.",Increase l2.size_kb to keep the working set on chip; Reduce memory.latency_cycles; Increase cpu.mshrs if the misses are independent,2000000,0.124552724,16057456.92,7.447270692998016e-05,0.0002961712819854186,0.9957910842822855,0.0,0.0,0.0038382717287991424
l2_capacity,pointer_chase,l2.size_kb,128,/workspace/traces/pointer_chase.trace,3.5,4,0,16,32,64,8,4,128.0,64.0,8.0,12.0,180,50,3000000,194096344,0.01545624167,64.69878133,0.05545609829,1000000,1000000,1000000,3638,996362,0.003638,0,0,996362.0,10862.0,985500.0,0.01090166024,0.0,0.0,985500,0,63072000,0,0,193.346344,0.9960609665,1.137332087,0.02274664174,750000,14552,173792,193158000,0,0,193346344,0.9961359396,DRAM latency,"Waiting for DRAM costs 99% of cycles and the bus is not saturated, so the exposed latency is the problem.",Increase l2.size_kb to keep the working set on chip; Reduce memory.latency_cycles; Increase cpu.mshrs if the misses are independent,2000000,0.126133577,15856206.16,7.497307625742811e-05,0.0008953903840661728,0.9951655761223406,0.0,0.0,0.003864060417335836
l2_capacity,pointer_chase,l2.size_kb,256,/workspace/traces/pointer_chase.trace,3.5,4,0,16,32,64,8,4,256.0,64.0,8.0,12.0,180,50,3000000,191488144,0.01566676629,63.82938133,0.05471089829,1000000,1000000,1000000,3638,996362,0.003638,0,0,996362.0,25352.0,971010.0,0.02544456734,0.0,0.0,971010,0,62144640,0,0,190.738144,0.9960073142,1.135873143,0.02271746286,750000,14552,405632,190317960,0,0,190738144,0.9960833084,DRAM latency,"Waiting for DRAM costs 99% of cycles and the bus is not saturated, so the exposed latency is the problem.",Increase l2.size_kb to keep the working set on chip; Reduce memory.latency_cycles; Increase cpu.mshrs if the misses are independent,2000000,0.12541826,15946641.26,7.59942610337275e-05,0.002118313915037998,0.9938890002505847,0.0,0.0,0.00391669157334357
l2_capacity,pointer_chase,l2.size_kb,512,/workspace/traces/pointer_chase.trace,3.5,4,0,16,32,64,8,4,512.0,64.0,8.0,12.0,180,50,3000000,186299824,0.01610307479,62.09994133,0.05322852114,1000000,1000000,1000000,3638,996362,0.003638,0,0,996362.0,54176.0,942186.0,0.05437381193,0.0,0.0,942186,0,60299904,0,0,185.549824,0.9958961207,1.132849508,0.02265699016,750000,14552,866816,184668456,0,0,185549824,0.9959742313,DRAM latency,"Waiting for DRAM costs 99% of cycles and the bus is not saturated, so the exposed latency is the problem.",Increase l2.size_kb to keep the working set on chip; Reduce memory.latency_cycles; Increase cpu.mshrs if the misses are independent,2000000,0.125858633,15890844.77,7.811064813458976e-05,0.00465280096024138,0.9912433196930985,0.0,0.0,0.004025768698525448
l2_capacity,pointer_chase,l2.size_kb,1024,/workspace/traces/pointer_chase.trace,3.5,4,0,16,32,64,8,4,1024.0,64.0,8.0,12.0,180,50,3000000,176044684,0.01704112804,58.68156133,0.05029848114,1000000,1000000,1000000,3638,996362,0.003638,0,0,996362.0,111149.0,885213.0,0.1115548365,0.0,0.0,885213,0,56653632,0,0,175.294684,0.9956570572,1.126348763,0.02252697525,750000,14552,1778384,173501748,0,0,175294684,0.995739718,DRAM latency,"Waiting for DRAM costs 98% of cycles and the bus is not saturated, so the exposed latency is the problem.",Increase l2.size_kb to keep the working set on chip; Reduce memory.latency_cycles; Increase cpu.mshrs if the misses are independent,2000000,0.125323329,15958720.66,8.266083172383667e-05,0.01010188981338397,0.9855551673460359,0.0,0.0,0.0042602820088563425
l2_capacity,pointer_chase,l2.size_kb,2048,/workspace/traces/pointer_chase.trace,3.5,4,0,16,32,64,8,4,2048.0,64.0,8.0,12.0,180,50,3000000,155327764,0.01931399721,51.77592133,0.04437936114,1000000,1000000,1000000,3638,996362,0.003638,0,0,996362.0,226243.0,770119.0,0.2270690773,0.0,0.0,770119,0,49287616,0,0,154.577764,0.9950778149,1.110597691,0.02221195381,750000,14552,3619888,150943324,0,0,154577764,0.9951715007,DRAM latency,"Waiting for DRAM costs 97% of cycles and the bus is not saturated, so the exposed latency is the problem.",Increase l2.size_kb to keep the working set on chip; Reduce memory.latency_cycles; Increase cpu.mshrs if the misses are independent,2000000,0.125809663,15897030.1,9.36857624500408e-05,0.02330483557337502,0.9717729793625305,0.0,0.0,0.004828499301644489
l2_capacity,pointer_chase,l2.size_kb,4096,/workspace/traces/pointer_chase.trace,3.5,4,0,16,32,64,8,4,4096.0,64.0,8.0,12.0,180,50,3000000,114067084,0.02630031289,38.02236133,0.03259059543,1000000,1000000,1000000,3638,996362,0.003638,0,0,996362.0,455469.0,540893.0,0.4571320464,0.0,0.0,540893,0,34617152,0,0,113.317084,0.9932973477,1.062182251,0.02124364501,750000,14552,7287504,106015028,0,0,113317084,0.9934249218,DRAM latency,"Waiting for DRAM costs 92% of cycles and the bus is not saturated, so the exposed latency is the problem.",Increase l2.size_kb to keep the working set on chip; Reduce memory.latency_cycles; Increase cpu.mshrs if the misses are independent,2000000,0.126381535,15825096.6,0.00012757405107331402,0.06388787846983096,0.9294094692558285,0.0,0.0,0.006575078223267284
l2_capacity,strided,l2.size_kb,64,/workspace/traces/strided.trace,3.5,4,0,16,32,64,8,4,64.0,64.0,8.0,12.0,180,50,6999888,4442662,1.575606697,0.6346761548,0.001269332,999984,0,999984,332333,667651,0.3323383174,0,0,667651.0,335979.0,331672.0,0.5032254876,0.0,0.0,331672,0,21227008,0,210210,71.92406879,15.88992951,16.72297555,0.334459511,1749972,0,0,177,95,2692418,2692690,0.6060983257,Memory-level parallelism,Waiting for a free MSHR costs 60% of cycles: the misses are independent but too few can be in flight at once.,Increase cpu.mshrs; Reduce memory.latency_cycles to shorten MSHR occupancy; Improve locality so fewer misses need to be tracked,1999968,0.095304674,20984993.87,0.0,0.0,3.984097822431686e-05,2.138357588310792e-05,0.606037101179428,0.39390167426646455
l2_capacity,strided,l2.size_kb,128,/workspace/traces/strided.trace,3.5,4,0,16,32,64,8,4,128.0,64.0,8.0,12.0,180,50,6999888,1750150,3.999593178,0.250025429,0.0005000428571,999984,0,999984,332333,667651,0.3323383174,0,0,667651.0,667627.0,24.0,0.9999640531,0.0,0.0,24,0,1536,0,269,12.01652926,6.1063366,0.003071736708,6.143473417e-05,1749972,0,14,0,0,164,178,0.0001017055681,Compute,Memory stalls account for only 0% of cycles; the machine is limited by instruction issue.,Increase cpu.issue_width; Reduce the instruction count (vectorise the inner loop),1999968,0.079877805,25037843.74,0.0,7.999314344484759e-06,0.0,0.0,9.37062537496786e-05,0.9998982944319058
l2_capacity,strided,l2.size_kb,256,/workspace/traces/strided.trace,3.5,4,0,16,32,64,8,4,256.0,64.0,8.0,12.0,180,50,6999888,1750150,3.999593178,0.250025429,0.0005000428571,999984,0,999984,332333,667651,0.3323383174,0,0,667651.0,667627.0,24.0,0.9999640531,0.0,0.0,24,0,1536,0,269,12.01652926,6.1063366,0.003071736708,6.143473417e-05,1749972,0,14,0,0,164,178,0.0001017055681,Compute,Memory stalls account for only 0% of cycles; the machine is limited by instruction issue.,Increase cpu.issue_width; Reduce the instruction count (vectorise the inner loop),1999968,0.078111331,25604070.17,0.0,7.999314344484759e-06,0.0,0.0,9.37062537496786e-05,0.9998982944319058
l2_capacity,strided,l2.size_kb,512,/workspace/traces/strided.trace,3.5,4,0,16,32,64,8,4,512.0,64.0,8.0,12.0,180,50,6999888,1750150,3.999593178,0.250025429,0.0005000428571,999984,0,999984,332333,667651,0.3323383174,0,0,667651.0,667627.0,24.0,0.9999640531,0.0,0.0,24,0,1536,0,269,12.01652926,6.1063366,0.003071736708,6.143473417e-05,1749972,0,14,0,0,164,178,0.0001017055681,Compute,Memory stalls account for only 0% of cycles; the machine is limited by instruction issue.,Increase cpu.issue_width; Reduce the instruction count (vectorise the inner loop),1999968,0.077280707,25879266.35,0.0,7.999314344484759e-06,0.0,0.0,9.37062537496786e-05,0.9998982944319058
l2_capacity,strided,l2.size_kb,1024,/workspace/traces/strided.trace,3.5,4,0,16,32,64,8,4,1024.0,64.0,8.0,12.0,180,50,6999888,1750150,3.999593178,0.250025429,0.0005000428571,999984,0,999984,332333,667651,0.3323383174,0,0,667651.0,667627.0,24.0,0.9999640531,0.0,0.0,24,0,1536,0,269,12.01652926,6.1063366,0.003071736708,6.143473417e-05,1749972,0,14,0,0,164,178,0.0001017055681,Compute,Memory stalls account for only 0% of cycles; the machine is limited by instruction issue.,Increase cpu.issue_width; Reduce the instruction count (vectorise the inner loop),1999968,0.073680986,27143610.7,0.0,7.999314344484759e-06,0.0,0.0,9.37062537496786e-05,0.9998982944319058
l2_capacity,strided,l2.size_kb,2048,/workspace/traces/strided.trace,3.5,4,0,16,32,64,8,4,2048.0,64.0,8.0,12.0,180,50,6999888,1750150,3.999593178,0.250025429,0.0005000428571,999984,0,999984,332333,667651,0.3323383174,0,0,667651.0,667627.0,24.0,0.9999640531,0.0,0.0,24,0,1536,0,269,12.01652926,6.1063366,0.003071736708,6.143473417e-05,1749972,0,14,0,0,164,178,0.0001017055681,Compute,Memory stalls account for only 0% of cycles; the machine is limited by instruction issue.,Increase cpu.issue_width; Reduce the instruction count (vectorise the inner loop),1999968,0.07435243,26898488.72,0.0,7.999314344484759e-06,0.0,0.0,9.37062537496786e-05,0.9998982944319058
l2_capacity,strided,l2.size_kb,4096,/workspace/traces/strided.trace,3.5,4,0,16,32,64,8,4,4096.0,64.0,8.0,12.0,180,50,6999888,1750150,3.999593178,0.250025429,0.0005000428571,999984,0,999984,332333,667651,0.3323383174,0,0,667651.0,667627.0,24.0,0.9999640531,0.0,0.0,24,0,1536,0,269,12.01652926,6.1063366,0.003071736708,6.143473417e-05,1749972,0,14,0,0,164,178,0.0001017055681,Compute,Memory stalls account for only 0% of cycles; the machine is limited by instruction issue.,Increase cpu.issue_width; Reduce the instruction count (vectorise the inner loop),1999968,0.074302597,26916528.91,0.0,7.999314344484759e-06,0.0,0.0,9.37062537496786e-05,0.9998982944319058
l2_capacity,matrix_naive,l2.size_kb,64,/workspace/traces/matrix_naive.trace,3.5,4,0,16,32,64,8,4,64.0,64.0,8.0,12.0,180,50,35463168,89249023,0.3973507699,2.516668082,0.02549972086,14229504,0,14229504,6990648,7238856,0.491278403,36856,0,7238856.0,6984.0,7231872.0,0.000964793332,36856.0,36856.0,7231872,36856,462839808,2358784,9830831,102.2208293,15.98436665,18.24328174,0.3648656349,8865792,0,0,196,40942,80342093,80383231,0.9006623075,Memory-level parallelism,Waiting for a free MSHR costs 90% of cycles: the misses are independent but too few can be in flight at once.,Increase cpu.mshrs; Reduce memory.latency_cycles to shorten MSHR occupancy; Improve locality so fewer misses need to be tracked,21307392,1.166352645,18268396.0,0.0,0.0,2.1961024716203337e-06,0.0004587389152708148,0.9002013725125035,0.09933769246975398
l2_capacity,matrix_naive,l2.size_kb,128,/workspace/traces/matrix_naive.trace,3.5,4,0,16,32,64,8,4,128.0,64.0,8.0,12.0,180,50,35463168,18908583,1.875506377,0.533189336,0.005402452286,14229504,0,14229504,6990648,7238856,0.491278403,36856,0,7238856.0,6344580.0,894276.0,0.8764616951,4592.0,36856.0,894276,4592,57233664,293888,3749309,21.67060567,14.82921158,10.64841464,0.2129682928,8865792,0,16,0,47207,9995568,10042791,0.5311234057,Memory-level parallelism,Waiting for a free MSHR costs 52% of cycles: the misses are independent but too few can be in flight at once.,Increase cpu.mshrs; Reduce memory.latency_cycles to shorten MSHR occupancy; Improve locality so fewer misses need to be tracked,21307392,1.040786811,20472388.56,0.0,8.46176574944828e-07,0.0,0.002496591098338781,0.5286259684292578,0.4688765942958285
l2_capacity,matrix_naive,l2.size_kb,256,/workspace/traces/matrix_naive.trace,3.5,4,0,16,32,64,8,4,256.0,64.0,8.0,12.0,180,50,35463168,18908987,1.875466306,0.5332007281,0.005402567714,14229504,0,14229504,6990648,7238856,0.491278403,36856,0,7238856.0,6344904.0,893952.0,0.8765064535,4584.0,36856.0,893952,4584,57212928,293376,3761632,21.66871537,14.82747225,10.64425418,0.2128850837,8865792,0,16,0,45916,9997263,10043195,0.5311334235,Memory-level parallelism,Waiting for a free MSHR costs 52% of cycles: the misses are independent but too few can be in flight at once.,Increase cpu.mshrs; Reduce memory.latency_cycles to shorten MSHR occupancy; Improve locality so fewer misses need to be tracked,21307392,1.047787904,20335596.47,0.0,8.461584959575042e-07,0.0,0.002428263343774048,0.5287043139857254,0.4688665765120046
l2_capacity,matrix_naive,l2.size_kb,512,/workspace/traces/matrix_naive.trace,3.5,4,0,16,32,64,8,4,512.0,64.0,8.0,12.0,180,50,35463168,8964365,3.956015624,0.2527795881,0.002561247143,14229504,0,14229504,6990648,7238856,0.491278403,36856,0,7238856.0,7225032.0,13824.0,0.998090306,2896.0,36856.0,13824,2896,884736,185344,80086,10.28098042,13.20011624,0.4177964641,0.008355929282,8865792,0,16,0,219,98338,98573,0.01099609398,Compute,Memory stalls account for only 1% of cycles; the machine is limited by instruction issue.,Increase cpu.issue_width; Reduce the instruction count (vectorise the inner loop),21307392,0.982430829,21688439.91,0.0,1.7848447714924594e-06,0.0,2.4430062809803038e-05,0.010969879071189091,0.9890039060212296
l2_capacity,matrix_naive,l2.size_kb,1024,/workspace/traces/matrix_naive.trace,3.5,4,0,16,32,64,8,4,1024.0,64.0,8.0,12.0,180,50,35463168,8964323,3.956034159,0.2527784038,0.002561235143,14229504,0,14229504,6990648,7238856,0.491278403,36856,0,7238856.0,7225032.0,13824.0,0.998090306,0.0,36856.0,13824,0,884736,0,19548,10.2809034,13.20005582,0.3454333361,0.006908666723,8865792,0,16,0,219,98296,98531,0.01099146026,Compute,Memory stalls account for only 1% of cycles; the machine is limited by instruction issue.,Increase cpu.issue_width; Reduce the instruction count (vectorise the inner loop),21307392,0.95907109,22216697.2,0.0,1.7848531339176422e-06,0.0,2.4430177270497728e-05,0.010965245228223034,0.9890085397413726
l2_capacity,matrix_naive,l2.size_kb,2048,/workspace/traces/matrix_naive.trace,3.5,4,0,16,32,64,8,4,2048.0,64.0,8.0,12.0,180,50,35463168,8964323,3.956034159,0.2527784038,0.002561235143,14229504,0,14229504,6990648,7238856,0.491278403,36856,0,7238856.0,7225032.0,13824.0,0.998090306,0.0,36856.0,13824,0,884736,0,19548,10.2809034,13.20005582,0.3454333361,0.006908666723,8865792,0,16,0,219,98296,98531,0.01099146026,Compute,Memory stalls account for only 1% of cycles; the machine is limited by instruction issue.,Increase cpu.issue_width; Reduce the instruction count (vectorise the inner loop),21307392,0.947504361,22487909.16,0.0,1.7848531339176422e-06,0.0,2.4430177270497728e-05,0.010965245228223034,0.9890085397413726
l2_capacity,matrix_naive,l2.size_kb,4096,/workspace/traces/matrix_naive.trace,3.5,4,0,16,32,64,8,4,4096.0,64.0,8.0,12.0,180,50,35463168,8964323,3.956034159,0.2527784038,0.002561235143,14229504,0,14229504,6990648,7238856,0.491278403,36856,0,7238856.0,7225032.0,13824.0,0.998090306,0.0,36856.0,13824,0,884736,0,19548,10.2809034,13.20005582,0.3454333361,0.006908666723,8865792,0,16,0,219,98296,98531,0.01099146026,Compute,Memory stalls account for only 1% of cycles; the machine is limited by instruction issue.,Increase cpu.issue_width; Reduce the instruction count (vectorise the inner loop),21307392,0.926197542,23005234.88,0.0,1.7848531339176422e-06,0.0,2.4430177270497728e-05,0.010965245228223034,0.9890085397413726
l2_capacity,matrix_blocked,l2.size_kb,64,/workspace/traces/matrix_blocked.trace,3.5,4,0,16,32,64,8,4,64.0,64.0,8.0,12.0,180,50,35831808,9198246,3.895504426,0.2567061645,0.002628070286,14598144,0,14598144,14515740,82404,0.9943551728,27044,0,82404.0,24036.0,58368.0,0.2916848697,4352.0,27044.0,58368,4352,3735552,278528,639926,4.819176808,1.335915239,1.527386852,0.03054773704,8957952,0,0,0,5224,235070,240294,0.02612389362,Compute,Memory stalls account for only 2% of cycles; the machine is limited by instruction issue.,Increase cpu.issue_width; Reduce the instruction count (vectorise the inner loop),21676032,0.523194723,41430142.64,0.0,0.0,0.0,0.0005679343648778256,0.025555959255710272,0.9738761063794119
l2_capacity,matrix_blocked,l2.size_kb,128,/workspace/traces/matrix_blocked.trace,3.5,4,0,16,32,64,8,4,128.0,64.0,8.0,12.0,180,50,35831808,9188639,3.899577293,0.2564380508,0.002625325429,14598144,0,14598144,14515740,82404,0.9943551728,27044,0,82404.0,39328.0,43076.0,0.4772583855,4352.0,27044.0,43076,4352,2756864,278528,675628,4.630557898,1.037649972,1.156196473,0.02312392945,8957952,0,0,0,6204,224483,230687,0.02510567669,Compute,Memory stalls account for only 2% of cycles; the machine is limited by instruction issue.,Increase cpu.issue_width; Reduce the instruction count (vectorise the inner loop),21676032,0.528095275,41045684.42,0.0,0.0,0.0,0.0006751816019760924,0.024430495092907664,0.9748943233051163
l2_capacity,matrix_blocked,l2.size_kb,256,/workspace/traces/matrix_blocked.trace,3.5,4,0,16,32,64,8,4,256.0,64.0,8.0,12.0,180,50,35831808,9183305,3.901842311,0.2562891886,0.002623801429,14598144,0,14598144,14515740,82404,0.9943551728,27044,0,82404.0,45540.0,36864.0,0.5526430756,4008.0,27044.0,36864,4008,2359296,256512,666981,4.555677283,0.9192194967,0.9969534933,0.01993906987,8957952,0,0,0,5856,219497,225353,0.02453942235,Compute,Memory stalls account for only 2% of cycles; the machine is limited by instruction issue.,Increase cpu.issue_width; Reduce the instruction count (vectorise the inner loop),21676032,0.521535543,41561945.86,0.0,0.0,0.0,0.0006376789184286049,0.02390174343550606,0.9754605776460653
l2_capacity,matrix_blocked,l2.size_kb,512,/workspace/traces/matrix_blocked.trace,3.5,4,0,16,32,64,8,4,512.0,64.0,8.0,12.0,180,50,35831808,9008983,3.977342171,0.2514241816,0.002573995143,14598144,0,14598144,14515740,82404,0.9943551728,27044,0,82404.0,66396.0,16008.0,0.8057375856,2984.0,27044.0,16008,2984,1024512,190976,200647,4.273249257,0.4793602119,0.4722184513,0.009444369026,8957952,0,0,0,653,50378,51031,0.005664457353,Compute,Memory stalls account for only 0% of cycles; the machine is limited by instruction issue.,Increase cpu.issue_width; Reduce the instruction count (vectorise the inner loop),21676032,0.519384316,41734090.41,0.0,0.0,0.0,7.248320925902514e-05,0.005591974144029354,0.9943355426467116
l2_capacity,matrix_blocked,l2.size_kb,1024,/workspace/traces/matrix_blocked.trace,3.5,4,0,16,32,64,8,4,1024.0,64.0,8.0,12.0,180,50,35831808,8994398,3.983791689,0.251017141,0.002569828,14598144,0,14598144,14515740,82404,0.9943551728,27044,0,82404.0,68580.0,13824.0,0.8322411533,0.0,27044.0,13824,0,884736,0,64463,4.242608307,0.4304064597,0.3442782941,0.006885565882,8957952,0,0,0,583,35863,36446,0.004052077749,Compute,Memory stalls account for only 0% of cycles; the machine is limited by instruction issue.,Increase cpu.issue_width; Reduce the instruction count (vectorise the inner loop),21676032,0.518049844,41841595.46,0.0,0.0,0.0,6.481812345862391e-05,0.003987259625380153,0.9959479222511612
l2_capacity,matrix_blocked,l2.size_kb,2048,/workspace/traces/matrix_blocked.trace,3.5,4,0,16,32,64,8,4,2048.0,64.0,8.0,12.0,180,50,35831808,8994398,3.983791689,0.251017141,0.002569828,14598144,0,14598144,14515740,82404,0.9943551728,27044,0,82404.0,68580.0,13824.0,0.8322411533,0.0,27044.0,13824,0,884736,0,64463,4.242608307,0.4304064597,0.3442782941,0.006885565882,8957952,0,0,0,583,35863,36446,0.004052077749,Compute,Memory stalls account for only 0% of cycles; the machine is limited by instruction issue.,Increase cpu.issue_width; Reduce the instruction count (vectorise the inner loop),21676032,0.513868242,42182081.37,0.0,0.0,0.0,6.481812345862391e-05,0.003987259625380153,0.9959479222511612
l2_capacity,matrix_blocked,l2.size_kb,4096,/workspace/traces/matrix_blocked.trace,3.5,4,0,16,32,64,8,4,4096.0,64.0,8.0,12.0,180,50,35831808,8994398,3.983791689,0.251017141,0.002569828,14598144,0,14598144,14515740,82404,0.9943551728,27044,0,82404.0,68580.0,13824.0,0.8322411533,0.0,27044.0,13824,0,884736,0,64463,4.242608307,0.4304064597,0.3442782941,0.006885565882,8957952,0,0,0,583,35863,36446,0.004052077749,Compute,Memory stalls account for only 0% of cycles; the machine is limited by instruction issue.,Increase cpu.issue_width; Reduce the instruction count (vectorise the inner loop),21676032,0.516277777,41985212.16,0.0,0.0,0.0,6.481812345862391e-05,0.003987259625380153,0.9959479222511612
line_size,sequential,l1.line_size+l2.line_size,16,/workspace/traces/sequential.trace,3.5,4,0,16,32,16,8,4,512.0,16.0,8.0,12.0,180,50,4000000,6125030,0.6530580258,1.5312575,0.001750008571,1000000,0,1000000,500000,500000,0.5,0,0,500000.0,0.0,500000.0,0.0,0.0,0.0,500000,0,8000000,0,0,100.0,15.99992163,4.571406181,0.09142812362,1000000,0,0,194,0,5124836,5125030,0.8367354935,Memory-level parallelism,Waiting for a free MSHR costs 83% of cycles: the misses are independent but too few can be in flight at once.,Increase cpu.mshrs; Reduce memory.latency_cycles to shorten MSHR occupancy; Improve locality so fewer misses need to be tracked,2000000,0.061051529,32759212.3,0.0,0.0,3.167331425315468e-05,0.0,0.8367038202261866,0.1632645064595602
line_size,sequential,l1.line_size+l2.line_size,32,/workspace/traces/sequential.trace,3.5,4,0,16,32,32,8,4,512.0,32.0,8.0,12.0,180,50,4000000,3062560,1.30609686,0.76564,0.0008750171429,1000000,0,1000000,750000,250000,0.75,0,0,250000.0,0.0,250000.0,0.0,0.0,0.0,250000,0,8000000,0,0,52.0,15.99968654,9.142678021,0.1828535604,1000000,0,0,192,0,2062368,2062560,0.673475785,Memory-level parallelism,Waiting for a free MSHR costs 67% of cycles: the misses are independent but too few can be in flight at once.,Increase cpu.mshrs; Reduce memory.latency_cycles to shorten MSHR occupancy; Improve locality so fewer misses need to be tracked,2000000,0.05406985,36989190.83,0.0,0.0,6.269264928687111e-05,0.0,0.6734130923149261,0.32652421503578705
line_size,sequential,l1.line_size+l2.line_size,64,/workspace/traces/sequential.trace,3.5,4,0,16,32,64,8,4,512.0,64.0,8.0,12.0,180,50,4000000,1531404,2.611982207,0.382851,0.000437544,1000000,0,1000000,875000,125000,0.875,0,0,125000.0,0.0,125000.0,0.0,0.0,0.0,125000,0,8000000,0,0,28.0,15.99839102,18.28387545,0.365677509,1000000,0,0,188,0,531216,531404,0.3470044482,Memory-level parallelism,Waiting for a free MSHR costs 34% of cycles: the misses are independent but too few can be in flight at once.,Increase cpu.mshrs; Reduce memory.latency_cycles to shorten MSHR occupancy; Improve locality so fewer misses need to be tracked,2000000,0.045951324,43524317.17,0.0,0.0,0.00012276316373732862,0.0,0.3468816850419615,0.6529955517943011
line_size,sequential,l1.line_size+l2.line_size,128,/workspace/traces/sequential.trace,3.5,4,0,16,32,128,8,4,512.0,128.0,8.0,12.0,180,50,4000000,1000180,3.99928013,0.250045,0.0002857657143,1000000,0,1000000,937500,62500,0.9375,0,0,62500.0,0.0,62500.0,0.0,0.0,0.0,62500,0,8000000,0,0,16.0,12.2477954,27.99496091,0.5598992181,1000000,0,0,180,0,0,180,0.0001799676058,Compute,Memory stalls account for only 0% of cycles; the machine is limited by instruction issue.,Increase cpu.issue_width; Reduce the instruction count (vectorise the inner loop),2000000,0.04130477,48420557.72,0.0,0.0,0.00017996760583095044,0.0,0.0,0.9998200323941691
line_size,sequential,l1.line_size+l2.line_size,256,/workspace/traces/sequential.trace,3.5,4,0,16,32,256,8,4,512.0,256.0,8.0,12.0,180,50,4000000,1000164,3.999344108,0.250041,0.0002857611429,1000000,0,1000000,968750,31250,0.96875,0,0,31250.0,0.0,31250.0,0.0,0.0,0.0,31250,0,8000000,0,0,10.0,6.123995665,27.99540875,0.5599081751,1000000,0,0,164,0,0,164,0.0001639731084,Compute,Memory stalls account for only 0% of cycles; the machine is limited by instruction issue.,Increase cpu.issue_width; Reduce the instruction count (vectorise the inner loop),2000000,0.039473451,50666966.01,0.0,0.0,0.00016397310841022073,0.0,0.0,0.9998360268915898
line_size,random_access,l1.line_size+l2.line_size,16,/workspace/traces/random_access.trace,3.5,4,0,16,32,16,8,4,512.0,16.0,8.0,12.0,180,50,10000000,11529575,0.8673346589,1.1529575,0.003294164286,1000000,0,1000000,3990,996010,0.00399,0,0,996010.0,59892.0,936118.0,0.06013192639,0.0,0.0,936118,0,14977888,0,0,184.45336,15.99689494,4.546794483,0.09093588966,2500000,0,0,193,0,9029382,9029575,0.7831663353,Memory-level parallelism,Waiting for a free MSHR costs 78% of cycles: the misses are independent but too few can be in flight at once.,Increase cpu.mshrs; Reduce memory.latency_cycles to shorten MSHR occupancy; Improve locality so fewer misses need to be tracked,2000000,0.130529075,15322256.75,0.0,0.0,1.673955891695921e-05,0.0,0.7831495957136321,0.21683366472745091
line_size,random_access,l1.line_size+l2.line_size,32,/workspace/traces/random_access.trace,3.5,4,0,16,32,32,8,4,512.0,32.0,8.0,12.0,180,50,10000000,11522766,0.8678471818,1.1522766,0.003292218857,1000000,0,1000000,4112,995888,0.004112,0,0,995888.0,60370.0,935518.0,0.06061926642,0.0,0.0,935518,0,29936576,0,0,184.343896,15.99680563,9.09313059,0.1818626118,2500000,0,0,193,0,9022573,9022766,0.7830382045,Memory-level parallelism,Waiting for a free MSHR costs 78% of cycles: the misses are independent but too few can be in flight at once.,Increase cpu.mshrs; Reduce memory.latency_cycles to shorten MSHR occupancy; Improve locality so fewer misses need to be tracked,2000000,0.130540672,15320895.54,0.0,0.0,1.6749450609341543e-05,0.0,0.7830214550915987,0.21696179545779198
line_size,random_access,l1.line_size+l2.line_size,64,/workspace/traces/random_access.trace,3.5,4,0,16,32,64,8,4,512.0,64.0,8.0,12.0,180,50,10000000,11547938,0.8659554632,1.1547938,0.003299410857,1000000,0,1000000,4075,995925,0.004075,0,0,995925.0,61021.0,934904.0,0.06127067801,0.0,0.0,934904,0,59833856,0,409279,184.643099,15.98785853,18.13470907,0.3626941814,2500000,0,0,195,3443,9044300,9047938,0.7835111342,Memory-level parallelism,Waiting for a free MSHR costs 78% of cycles: the misses are independent but too few can be in flight at once.,Increase cpu.mshrs; Reduce memory.latency_cycles to shorten MSHR occupancy; Improve locality so fewer misses need to be tracked,2000000,0.133678272,14961294.53,0.0,0.0,1.6886131532746365e-05,0.00029814846598587557,0.7831960995980408,0.21648886580444057
line_size,random_access,l1.line_size+l2.line_size,128,/workspace/traces/random_access.trace,3.5,4,0,16,32,128,8,4,512.0,128.0,8.0,12.0,180,50,10000000,11714151,0.8536683538,1.1714151,0.003346900286,1000000,0,1000000,4055,995945,0.004055,0,0,995945.0,61209.0,934736.0,0.06145821305,0.0,0.0,934736,0,119646208,0,3042604,187.246424,15.98325,35.7483635,0.7149672699,2500000,0,0,193,86571,9127387,9214151,0.7865829116,Memory-level parallelism,Waiting for a free MSHR costs 77% of cycles: the misses are independent but too few can be in flight at once.,Increase cpu.mshrs; Reduce memory.latency_cycles to shorten MSHR occupancy; Improve locality so fewer misses need to be tracked,2000000,0.135400552,14770988.53,0.0,0.0,1.647579922778868e-05,0.007390292305434683,0.779176143452479,0.21341708844285856
line_size,random_access,l1.line_size+l2.line_size,256,/workspace/traces/random_access.trace,3.5,4,0,16,32,256,8,4,512.0,256.0,8.0,12.0,180,50,10000000,16746922,0.5971246537,1.6746922,0.004784834857,1000000,0,1000000,4087,995913,0.004087,0,0,995913.0,61386.0,934527.0,0.06163791416,0.0,0.0,934527,0,239238912,0,83674365,267.840181,15.99242135,49.99940837,0.9999881674,2500000,0,0,199,4294263,9952460,14246922,0.8507188366,DRAM bandwidth,"DRAM is delivering 99% of its configured bandwidth, so requests are queueing behind the bus.",Increase memory.bandwidth_gbps; Reduce DRAM traffic by improving locality (blocking/tiling); Increase last-level cache capacity to filter traffic,2000000,0.128989141,15505181.17,0.0,0.0,1.1882780608878456e-05,0.2564210306825338,0.5942859231087361,0.1492811634281213
line_size,pointer_chase,l1.line_size+l2.line_size,16,/workspace/traces/pointer_chase.trace,3.5,4,0,16,32,16,8,4,512.0,16.0,8.0,12.0,180,50,3000000,190825516,0.01572116802,63.60850533,0.054521576,1000000,1000000,1000000,2022,997978,0.002022,0,0,997978.0,30757.0,967221.0,0.03081931666,0.0,0.0,967221,0,15475536,0,0,190.075516,0.9960273237,0.2838424186,0.005676848373,750000,8088,492112,189575316,0,0,190075516,0.996069708,DRAM latency,"Waiting for DRAM costs 99% of cycles and the bus is not saturated, so the exposed latency is the problem.",Increase l2.size_kb to keep the working set on chip; Reduce memory.latency_cycles; Increase cpu.mshrs if the misses are independent,2000000,0.125895923,15886137.95,4.238426898843025e-05,0.002578858479282194,0.9934484652461257,0.0,0.0,0.003930292005603695
line_size,pointer_chase,l1.line_size+l2.line_size,32,/workspace/traces/pointer_chase.trace,3.5,4,0,16,32,32,8,4,512.0,32.0,8.0,12.0,180,50,3000000,187845904,0.01597053721,62.61530133,0.05367025829,1000000,1000000,1000000,3093,996907,0.003093,0,0,996907.0,46168.0,950739.0,0.04631124067,0.0,0.0,950739,0,30423648,0,0,187.095904,0.9959415032,0.5668623363,0.01133724673,750000,12372,738688,186344844,0,0,187095904,0.9960073657,DRAM latency,"Waiting for DRAM costs 99% of cycles and the bus is not saturated, so the exposed latency is the problem.",Increase l2.size_kb to keep the working set on chip; Reduce memory.latency_cycles; Increase cpu.mshrs if the misses are independent,2000000,0.126136695,15855814.2,6.586249546330272e-05,0.0039324147307465375,0.9920090884707287,0.0,0.0,0.0039926343030615135
line_size,pointer_chase,l1.line_size+l2.line_size,64,/workspace/traces/pointer_chase.trace,3.5,4,0,16,32,64,8,4,512.0,64.0,8.0,12.0,180,50,3000000,186299824,0.01610307479,62.09994133,0.05322852114,1000000,1000000,1000000,3638,996362,0.003638,0,0,996362.0,54176.0,942186.0,0.05437381193,0.0,0.0,942186,0,60299904,0,0,185.549824,0.9958961207,1.132849508,0.02265699016,750000,14552,866816,184668456,0,0,185549824,0.9959742313,DRAM latency,"Waiting for DRAM costs 99% of cycles and the bus is not saturated, so the exposed latency is the problem.",Increase l2.size_kb to keep the working set on chip; Reduce memory.latency_cycles; Increase cpu.mshrs if the misses are independent,2000000,0.125664541,15915388.57,7.811064813458976e-05,0.00465280096024138,0.9912433196930985,0.0,0.0,0.004025768698525448
line_size,pointer_chase,l1.line_size+l2.line_size,128,/workspace/traces/pointer_chase.trace,3.5,4,0,16,32,128,8,4,512.0,128.0,8.0,12.0,180,50,3000000,185626456,0.01616148939,61.87548533,0.05303613029,1000000,1000000,1000000,3817,996183,0.003817,0,0,996183.0,57726.0,938457.0,0.0579471844,0.0,0.0,938457,0,120122496,0,0,184.876456,0.9958773764,2.264918186,0.04529836372,750000,15268,923616,183937572,0,0,184876456,0.9959596277,DRAM latency,"Waiting for DRAM costs 99% of cycles and the bus is not saturated, so the exposed latency is the problem.",Increase l2.size_kb to keep the working set on chip; Reduce memory.latency_cycles; Increase cpu.mshrs if the misses are independent,2000000,0.125939706,15880615.13,8.225120669221848e-05,0.004975670062892328,0.990901706381767,0.0,0.0,0.004040372348648406
line_size,pointer_chase,l1.line_size+l2.line_size,256,/workspace/traces/pointer_chase.trace,3.5,4,0,16,32,256,8,4,512.0,256.0,8.0,12.0,180,50,3000000,185237524,0.01619542269,61.74584133,0.05292500686,1000000,1000000,1000000,3963,996037,0.003963,0,0,996037.0,59731.0,936306.0,0.05996865578,0.0,0.0,936306,0,239694336,0,0,184.487524,0.9958655677,4.528942937,0.09057885874,750000,15852,955696,183515976,0,0,184487524,0.9959511443,DRAM latency,"Waiting for DRAM costs 99% of cycles and the bus is not saturated, so the exposed latency is the problem.",Increase l2.size_kb to keep the working set on chip; Reduce memory.latency_cycles; Increase cpu.mshrs if the misses are independent,2000000,0.124699614,16038542.03,8.557661351595264e-05,0.005159300229039986,0.9907062674839036,0.0,0.0,0.004048855673540529
line_size,strided,l1.line_size+l2.line_size,16,/workspace/traces/strided.trace,3.5,4,0,16,32,16,8,4,512.0,16.0,8.0,12.0,180,50,6999888,1750142,3.99961146,0.2500242861,0.0005000405714,999984,0,999984,332333,667651,0.3323383174,0,0,667651.0,667627.0,24.0,0.9999640531,0.0,0.0,24,0,384,0,0,12.01626026,6.10621081,0.0007679376873,1.535875375e-05,1749972,0,14,0,0,156,170,9.713497533e-05,Compute,Memory stalls account for only 0% of cycles; the machine is limited by instruction issue.,Increase cpu.issue_width; Reduce the instruction count (vectorise the inner loop),1999968,0.076631876,26098382.35,0.0,7.99935090981189e-06,0.0,0.0,8.913562442361819e-05,0.9999028650246665
line_size,strided,l1.line_size+l2.line_size,32,/workspace/traces/strided.trace,3.5,4,0,16,32,32,8,4,512.0,32.0,8.0,12.0,180,50,6999888,1750144,3.999606889,0.2500245718,0.0005000411429,999984,0,999984,332333,667651,0.3323383174,0,0,667651.0,667627.0,24.0,0.9999640531,0.0,0.0,24,0,768,0,17,12.01627726,6.106213546,0.00153587362,3.071747239e-05,1749972,0,14,0,0,158,172,9.827762744e-05,Compute,Memory stalls account for only 0% of cycles; the machine is limited by instruction issue.,Increase cpu.issue_width; Reduce the instruction count (vectorise the inner loop),1999968,0.076228167,26236600.97,0.0,7.999341768448768e-06,0.0,0.0,9.027828567249323e-05,0.999901722372559
line_size,strided,l1.line_size+l2.line_size,64,/workspace/traces/strided.trace,3.5,4,0,16,32,64,8,4,512.0,64.0,8.0,12.0,180,50,6999888,1750150,3.999593178,0.250025429,0.0005000428571,999984,0,999984,332333,667651,0.3323383174,0,0,667651.0,667627.0,24.0,0.9999640531,0.0,0.0,24,0,1536,0,269,12.01652926,6.1063366,0.003071736708,6.143473417e-05,1749972,0,14,0,0,164,178,0.0001017055681,Compute,Memory stalls account for only 0% of cycles; the machine is limited by instruction issue.,Increase cpu.issue_width; Reduce the instruction count (vectorise the inner loop),1999968,0.077763957,25718444.34,0.0,7.999314344484759e-06,0.0,0.0,9.37062537496786e-05,0.9998982944319058
line_size,strided,l1.line_size+l2.line_size,128,/workspace/traces/strided.trace,3.5,4,0,16,32,128,8,4,512.0,128.0,8.0,12.0,180,50,6999888,1750165,3.999558899,0.2500275719,0.0005000471429,999984,0,999984,332333,667651,0.3323383174,0,0,667651.0,667627.0,24.0,0.9999640531,0.0,0.0,24,0,3072,0,826,12.01708627,6.10660252,0.006143420763,0.0001228684153,1749972,0,14,0,1,178,193,0.0001102753169,Compute,Memory stalls account for only 0% of cycles; the machine is limited by instruction issue.,Increase cpu.issue_width; Reduce the instruction count (vectorise the inner loop),1999968,0.077199365,25906534.33,0.0,7.999245785397376e-06,0.0,5.713746989569554e-07,0.00010170469641433808,0.9998897246831013
line_size,strided,l1.line_size+l2.line_size,256,/workspace/traces/strided.trace,3.5,4,0,16,32,256,8,4,512.0,256.0,8.0,12.0,180,50,6999888,1750242,3.999382942,0.250038572,0.0005000691429,999984,0,999984,332333,667651,0.3323383174,0,0,667651.0,667627.0,24.0,0.9999640531,0.0,0.0,24,0,6144,0,2218,12.0184783,6.107129186,0.01228630098,0.0002457260196,1749972,0,14,0,3,253,270,0.0001542643817,Compute,Memory stalls account for only 0% of cycles; the machine is limited by instruction issue.,Increase cpu.issue_width; Reduce the instruction count (vectorise the inner loop),1999968,0.07576847,26395781.78,0.0,7.998893867248073e-06,0.0,1.7140486858388725e-06,0.00014455143917241158,0.9998457356182745
line_size,matrix_naive,l1.line_size+l2.line_size,16,/workspace/traces/matrix_naive.trace,3.5,4,0,16,32,16,8,4,512.0,16.0,8.0,12.0,180,50,35463168,9285256,3.819298897,0.2618281593,0.002652930286,14229504,0,14229504,6946080,7283424,0.4881463191,36832,0,7283424.0,7228128.0,55296.0,0.9924079664,11584.0,36832.0,55296,11584,884736,185344,197757,10.8417694,13.62253028,0.4033577534,0.008067155068,8865792,0,16,0,10,419438,419464,0.04517527573,Compute,Memory stalls account for only 4% of cycles; the machine is limited by instruction issue.,Increase cpu.issue_width; Reduce the instruction count (vectorise the inner loop),21307392,1.03426849,20601412.7,0.0,1.7231619677475774e-06,0.0,1.0769762298422359e-06,0.04517247558925677,0.9548247242725456
line_size,matrix_naive,l1.line_size+l2.line_size,32,/workspace/traces/matrix_naive.trace,3.5,4,0,16,32,32,8,4,512.0,32.0,8.0,12.0,180,50,35463168,9071783,3.909172872,0.2558085899,0.002591938,14229504,0,14229504,6975792,7253712,0.490234375,36848,0,7253712.0,7226064.0,27648.0,0.9961884343,5792.0,36848.0,27648,5792,884736,185344,119071,10.46792502,13.34359662,0.4128493814,0.008256987629,8865792,0,16,0,150,205825,205991,0.02270678212,Compute,Memory stalls account for only 2% of cycles; the machine is limited by instruction issue.,Increase cpu.issue_width; Reduce the instruction count (vectorise the inner loop),21307392,1.009950121,21097469.62,0.0,1.763710617857592e-06,0.0,1.6534787042414925e-05,0.02268848362003368,0.977293217882306
line_size,matrix_naive,l1.line_size+l2.line_size,64,/workspace/traces/matrix_naive.trace,3.5,4,0,16,32,64,8,4,512.0,64.0,8.0,12.0,180,50,35463168,8964365,3.956015624,0.2527795881,0.002561247143,14229504,0,14229504,6990648,7238856,0.491278403,36856,0,7238856.0,7225032.0,13824.0,0.998090306,2896.0,36856.0,13824,2896,884736,185344,80086,10.28098042,13.20011624,0.4177964641,0.008355929282,8865792,0,16,0,219,98338,98573,0.01099609398,Compute,Memory stalls account for only 1% of cycles; the machine is limited by instruction issue.,Increase cpu.issue_width; Reduce the instruction count (vectorise the inner loop),21307392,0.980383785,21733725.43,0.0,1.7848447714924594e-06,0.0,2.4430062809803038e-05,0.010969879071189091,0.9890039060212296
line_size,matrix_naive,l1.line_size+l2.line_size,128,/workspace/traces/matrix_naive.trace,3.5,4,0,16,32,128,8,4,512.0,128.0,8.0,12.0,180,50,35463168,8911163,3.979634084,0.2512793837,0.002546046571,14229504,0,14229504,6997992,7231512,0.4917945137,36860,0,7231512.0,7224600.0,6912.0,0.9990441833,1448.0,36860.0,6912,1448,884736,185344,65911,10.18776347,13.12677739,0.4202908195,0.00840581639,8865792,0,16,0,585,44770,45371,0.005091479081,Compute,Memory stalls account for only 0% of cycles; the machine is limited by instruction issue.,Increase cpu.issue_width; Reduce the instruction count (vectorise the inner loop),21307392,0.958160945,22237800.56,0.0,1.7955007668471556e-06,0.0,6.564799678784912e-05,0.0050240355832341975,0.9949085209192111
line_size,matrix_naive,l1.line_size+l2.line_size,256,/workspace/traces/matrix_naive.trace,3.5,4,0,16,32,256,8,4,512.0,256.0,8.0,12.0,180,50,35463168,8891215,3.988562643,0.2507168846,0.002540347143,14229504,0,14229504,7001472,7228032,0.492039076,36862,0,7228032.0,7224576.0,3456.0,0.9995218616,724.0,36862.0,3456,724,884736,185344,147320,10.14756242,13.09032478,0.4212337684,0.008424675368,8865792,0,16,0,5678,19729,25423,0.002859339247,Compute,Memory stalls account for only 0% of cycles; the machine is limited by instruction issue.,Increase cpu.issue_width; Reduce the instruction count (vectorise the inner loop),21307392,0.949874748,22431791.19,0.0,1.7995290857323773e-06,0.0,0.0006386078842992774,0.0022189318332758797,0.9971406607533391
line_size,matrix_blocked,l1.line_size+l2.line_size,16,/workspace/traces/matrix_blocked.trace,3.5,4,0,16,32,16,8,4,512.0,16.0,8.0,12.0,180,50,35831808,9360679,3.827906929,0.2612393715,0.002674479714,14598144,0,14598144,14268348,329796,0.977408361,108356,0,329796.0,265764.0,64032.0,0.8058436124,11936.0,108356.0,64032,11936,1024512,190976,209048,5.060864792,1.795365593,0.4544764327,0.009089528655,8957952,0,0,0,4,402723,402727,0.04302326786,Compute,Memory stalls account for only 4% of cycles; the machine is limited by instruction issue.,Increase cpu.issue_width; Reduce the instruction count (vectorise the inner loop),21676032,0.531258413,40801296.45,0.0,0.0,0.0,4.273194284303521e-07,0.04302284054393917,0.9569767321366324
line_size,matrix_blocked,l1.line_size+l2.line_size,32,/workspace/traces/matrix_blocked.trace,3.5,4,0,16,32,32,8,4,512.0,32.0,8.0,12.0,180,50,35831808,9062761,3.953740808,0.2529250268,0.002589360286,14598144,0,14598144,14433276,164868,0.9887062355,54148,0,164868.0,132852.0,32016.0,0.805808283,5968.0,54148.0,32016,5968,1024512,190976,166344,4.533242377,0.9317051393,0.4694163291,0.009388326582,8957952,0,0,0,205,104604,104809,0.01156479797,Compute,Memory stalls account for only 1% of cycles; the machine is limited by instruction issue.,Increase cpu.issue_width; Reduce the instruction count (vectorise the inner loop),21676032,0.522886962,41454527.6,0.0,0.0,0.0,2.262003819807231e-05,0.0115421779301032,0.9884352020316988
line_size,matrix_blocked,l1.line_size+l2.line_size,64,/workspace/traces/matrix_blocked.trace,3.5,4,0,16,32,64,8,4,512.0,64.0,8.0,12.0,180,50,35831808,9008983,3.977342171,0.2514241816,0.002573995143,14598144,0,14598144,14515740,82404,0.9943551728,27044,0,82404.0,66396.0,16008.0,0.8057375856,2984.0,27044.0,16008,2984,1024512,190976,200647,4.273249257,0.4793602119,0.4722184513,0.009444369026,8957952,0,0,0,653,50378,51031,0.005664457353,Compute,Memory stalls account for only 0% of cycles; the machine is limited by instruction issue.,Increase cpu.issue_width; Reduce the instruction count (vectorise the inner loop),21676032,0.523844947,41378717.36,0.0,0.0,0.0,7.248320925902514e-05,0.005591974144029354,0.9943355426467116
line_size,matrix_blocked,l1.line_size+l2.line_size,128,/workspace/traces/matrix_blocked.trace,3.5,4,0,16,32,128,8,4,512.0,128.0,8.0,12.0,180,50,35831808,8988555,3.986381348,0.2508540736,0.002568158571,14598144,0,14598144,14556972,41172,0.9971796415,13492,0,41172.0,33168.0,8004.0,0.8055960361,1492.0,13492.0,8004,1492,1024512,190976,207265,4.142382758,0.2495631389,0.473291647,0.00946583294,8957952,0,0,0,2077,28526,30603,0.00340466293,Compute,Memory stalls account for only 0% of cycles; the machine is limited by instruction issue.,Increase cpu.issue_width; Reduce the instruction count (vectorise the inner loop),21676032,0.513210754,42236121.97,0.0,0.0,0.0,0.0002310716238594524,0.0031735913058328065,0.9965953370703078
line_size,matrix_blocked,l1.line_size+l2.line_size,256,/workspace/traces/matrix_blocked.trace,3.5,4,0,16,32,256,8,4,512.0,256.0,8.0,12.0,180,50,35831808,8979044,3.990603899,0.250588639,0.002565441143,14598144,0,14598144,14577588,20556,0.9985918758,6716,0,20556.0,16554.0,4002.0,0.8053123176,746.0,6716.0,4002,746,1024512,190976,277502,4.081474946,0.1416194196,0.4737929784,0.009475859568,8957952,0,0,0,3924,17168,21092,0.00234902513,Compute,Memory stalls account for only 0% of cycles; the machine is limited by instruction issue.,Increase cpu.issue_width; Reduce the instruction count (vectorise the inner loop),21676032,0.508976652,42587478.06,0.0,0.0,0.0,0.00043701757113563536,0.001912007558933891,0.9976509748699305
mlp,sequential,cpu.mshrs,1,/workspace/traces/sequential.trace,3.5,4,0,1,32,64,8,4,512.0,64.0,8.0,12.0,180,50,4000000,24500000,0.1632653061,6.125,0.007,1000000,0,1000000,875000,125000,0.875,0,0,125000.0,0.0,125000.0,0.0,0.0,0.0,125000,0,8000000,0,0,28.0,1.0,1.142857143,0.02285714286,1000000,0,0,188,0,23499812,23500000,0.9591836735,Memory-level parallelism,Waiting for a free MSHR costs 95% of cycles: the misses are independent but too few can be in flight at once.,Increase cpu.mshrs; Reduce memory.latency_cycles to shorten MSHR occupancy; Improve locality so fewer misses need to be tracked,2000000,0.043658671,45809914.83,0.0,0.0,7.673469387755102e-06,0.0,0.959176,0.04081632653061224
mlp,sequential,cpu.mshrs,2,/workspace/traces/sequential.trace,3.5,4,0,2,32,64,8,4,512.0,64.0,8.0,12.0,180,50,4000000,12250008,0.326530399,3.062502,0.003500002286,1000000,0,1000000,875000,125000,0.875,0,0,125000.0,0.0,125000.0,0.0,0.0,0.0,125000,0,8000000,0,0,28.0,1.999998694,2.285712793,0.04571425586,1000000,0,0,188,0,11249820,11250008,0.9183674002,Memory-level parallelism,Waiting for a free MSHR costs 91% of cycles: the misses are independent but too few can be in flight at once.,Increase cpu.mshrs; Reduce memory.latency_cycles to shorten MSHR occupancy; Improve locality so fewer misses need to be tracked,2000000,0.043137036,46363871.64,0.0,0.0,1.534692875302612e-05,0.0,0.918352053321108,0.08163259975013894
mlp,sequential,cpu.mshrs,4,/workspace/traces/sequential.trace,3.5,4,0,4,32,64,8,4,512.0,64.0,8.0,12.0,180,50,4000000,6125024,0.6530586656,1.531256,0.001750006857,1000000,0,1000000,875000,125000,0.875,0,0,125000.0,0.0,125000.0,0.0,0.0,0.0,125000,0,8000000,0,0,28.0,3.999984327,4.571410659,0.09142821318,1000000,0,0,188,0,5124836,5125024,0.8367353336,Memory-level parallelism,Waiting for a free MSHR costs 83% of cycles: the misses are independent but too few can be in flight at once.,Increase cpu.mshrs; Reduce memory.latency_cycles to shorten MSHR occupancy; Improve locality so fewer misses need to be tracked,2000000,0.044075042,45377154.72,0.0,0.0,3.069375728160412e-05,0.0,0.8367046398512071,0.16326466639151127
mlp,sequential,cpu.mshrs,8,/workspace/traces/sequential.trace,3.5,4,0,8,32,64,8,4,512.0,64.0,8.0,12.0,180,50,4000000,3062556,1.306098566,0.765639,0.000875016,1000000,0,1000000,875000,125000,0.875,0,0,125000.0,0.0,125000.0,0.0,0.0,0.0,125000,0,8000000,0,0,28.0,7.999853717,9.142689962,0.1828537992,1000000,0,0,188,0,2062368,2062556,0.6734753585,Memory-level parallelism,Waiting for a free MSHR costs 67% of cycles: the misses are independent but too few can be in flight at once.,Increase cpu.mshrs; Reduce memory.latency_cycles to shorten MSHR occupancy; Improve locality so fewer misses need to be tracked,2000000,0.043786373,45676311.21,0.0,0.0,6.138663260361607e-05,0.0,0.6734139718588003,0.3265246415085961
mlp,sequential,cpu.mshrs,16,/workspace/traces/sequential.trace,3.5,4,0,16,32,64,8,4,512.0,64.0,8.0,12.0,180,50,4000000,1531404,2.611982207,0.382851,0.000437544,1000000,0,1000000,875000,125000,0.875,0,0,125000.0,0.0,125000.0,0.0,0.0,0.0,125000,0,8000000,0,0,28.0,15.99839102,18.28387545,0.365677509,1000000,0,0,188,0,531216,531404,0.3470044482,Memory-level parallelism,Waiting for a free MSHR costs 34% of cycles: the misses are independent but too few can be in flight at once.,Increase cpu.mshrs; Reduce memory.latency_cycles to shorten MSHR occupancy; Improve locality so fewer misses need to be tracked,2000000,0.044912583,44530950.27,0.0,0.0,0.00012276316373732862,0.0,0.3468816850419615,0.6529955517943011
mlp,sequential,cpu.mshrs,32,/workspace/traces/sequential.trace,3.5,4,0,32,32,64,8,4,512.0,64.0,8.0,12.0,180,50,4000000,1000188,3.999248141,0.250047,0.000285768,1000000,0,1000000,875000,125000,0.875,0,0,125000.0,0.0,125000.0,0.0,0.0,0.0,125000,0,8000000,0,0,28.0,24.49539487,27.99473699,0.5598947398,1000000,0,0,188,0,0,188,0.0001879646626,Compute,Memory stalls account for only 0% of cycles; the machine is limited by instruction issue.,Increase cpu.issue_width; Reduce the instruction count (vectorise the inner loop),2000000,0.045828958,43640529.64,0.0,0.0,0.00018796466264342303,0.0,0.0,0.9998120353373566
mlp,sequential,cpu.mshrs,64,/workspace/traces/sequential.trace,3.5,4,0,64,32,64,8,4,512.0,64.0,8.0,12.0,180,50,4000000,1000188,3.999248141,0.250047,0.000285768,1000000,0,1000000,875000,125000,0.875,0,0,125000.0,0.0,125000.0,0.0,0.0,0.0,125000,0,8000000,0,0,28.0,24.49539487,27.99473699,0.5598947398,1000000,0,0,188,0,0,188,0.0001879646626,Compute,Memory stalls account for only 0% of cycles; the machine is limited by instruction issue.,Increase cpu.issue_width; Reduce the instruction count (vectorise the inner loop),2000000,0.064787189,30870300.61,0.0,0.0,0.00018796466264342303,0.0,0.0,0.9998120353373566
mlp,random_access,cpu.mshrs,1,/workspace/traces/random_access.trace,3.5,4,0,1,32,64,8,4,512.0,64.0,8.0,12.0,180,50,10000000,184217522,0.05428365278,18.4217522,0.05263357771,1000000,0,1000000,4075,995925,0.004075,0,0,995925.0,61021.0,934904.0,0.06127067801,0.0,0.0,934904,0,59833856,0,2,184.233822,1.0,1.136800092,0.02273600184,2500000,0,0,193,2,181717327,181717522,0.9864290868,Memory-level parallelism,Waiting for a free MSHR costs 98% of cycles: the misses are independent but too few can be in flight at once.,Increase cpu.mshrs; Reduce memory.latency_cycles to shorten MSHR occupancy; Improve locality so fewer misses need to be tracked,2000000,0.123049829,16253578.05,0.0,0.0,1.0476744986288546e-06,1.0856730555739426e-08,0.9864280282740965,0.013570913194674282
mlp,random_access,cpu.mshrs,2,/workspace/traces/random_access.trace,3.5,4,0,2,32,64,8,4,512.0,64.0,8.0,12.0,180,50,10000000,92136978,0.1085340568,9.2136978,0.02632485086,1000000,0,1000000,4075,995925,0.004075,0,0,995925.0,61021.0,934904.0,0.06127067801,0.0,0.0,934904,0,59833856,0,28303,184.262123,1.999694661,2.272903893,0.04545807786,2500000,0,0,193,26611,89610174,89636978,0.9728664858,Memory-level parallelism,Waiting for a free MSHR costs 97% of cycles: the misses are independent but too few can be in flight at once.,Increase cpu.mshrs; Reduce memory.latency_cycles to shorten MSHR occupancy; Improve locality so fewer misses need to be tracked,2000000,0.110412573,18113879.11,0.0,0.0,2.0947072954791288e-06,0.00028881997844557044,0.9725755711241147,0.02713351419014416
mlp,random_access,cpu.mshrs,4,/workspace/traces/random_access.trace,3.5,4,0,4,32,64,8,4,512.0,64.0,8.0,12.0,180,50,10000000,46076740,0.217029243,4.607674,0.01316478286,1000000,0,1000000,4075,995925,0.004075,0,0,995925.0,61021.0,934904.0,0.06127067801,0.0,0.0,934904,0,59833856,0,71170,184.30499,3.999603488,4.544993765,0.09089987529,2500000,0,0,193,22788,43553759,43576740,0.9457426893,Memory-level parallelism,Waiting for a free MSHR costs 94% of cycles: the misses are independent but too few can be in flight at once.,Increase cpu.mshrs; Reduce memory.latency_cycles to shorten MSHR occupancy; Improve locality so fewer misses need to be tracked,2000000,0.116407279,17181056.18,0.0,0.0,4.188664389017105e-06,0.0004945662388441543,0.9452439343582033,0.05425731073856353
mlp,random_access,cpu.mshrs,8,/workspace/traces/random_access.trace,3.5,4,0,8,32,64,8,4,512.0,64.0,8.0,12.0,180,50,10000000,23054305,0.4337584672,2.3054305,0.006586944286,1000000,0,1000000,4075,995925,0.004075,0,0,995925.0,61021.0,934904.0,0.06127067801,0.0,0.0,934904,0,59833856,0,170620,184.40444,7.997991698,9.083704584,0.1816740917,2500000,0,0,194,14480,20539631,20554305,0.8915603832,Memory-level parallelism,Waiting for a free MSHR costs 89% of cycles: the misses are independent but too few can be in flight at once.,Increase cpu.mshrs; Reduce memory.latency_cycles to shorten MSHR occupancy; Improve locality so fewer misses need to be tracked,2000000,0.121720776,16431048.71,0.0,0.0,8.414914264385762e-06,0.0006280822605582775,0.8909238860160824,0.10843961680909488
mlp,random_access,cpu.mshrs,16,/workspace/traces/random_access.trace,3.5,4,0,16,32,64,8,4,512.0,64.0,8.0,12.0,180,50,10000000,11547938,0.8659554632,1.1547938,0.003299410857,1000000,0,1000000,4075,995925,0.004075,0,0,995925.0,61021.0,934904.0,0.06127067801,0.0,0.0,934904,0,59833856,0,409279,184.643099,15.98785853,18.13470907,0.3626941814,2500000,0,0,195,3443,9044300,9047938,0.7835111342,Memory-level parallelism,Waiting for a free MSHR costs 78% of cycles: the misses are independent but too few can be in flight at once.,Increase cpu.mshrs; Reduce memory.latency_cycles to shorten MSHR occupancy; Improve locality so fewer misses need to be tracked,2000000,0.131684751,15187787.38,0.0,0.0,1.6886131532746365e-05,0.00029814846598587557,0.7831960995980408,0.21648886580444057
mlp,random_access,cpu.mshrs,32,/workspace/traces/random_access.trace,3.5,4,0,32,32,64,8,4,512.0,64.0,8.0,12.0,180,50,10000000,5807574,1.721889381,0.5807574,0.001659306857,1000000,0,1000000,4075,995925,0.004075,0,0,995925.0,61021.0,934904.0,0.06127067801,0.0,0.0,934904,0,59833856,0,1247759,185.481579,31.93506945,36.05954844,0.7211909689,2500000,0,0,195,286,3307093,3307574,0.5695276547,Memory-level parallelism,Waiting for a free MSHR costs 56% of cycles: the misses are independent but too few can be in flight at once.,Increase cpu.mshrs; Reduce memory.latency_cycles to shorten MSHR occupancy; Improve locality so fewer misses need to be tracked,2000000,0.145767265,13720501.65,0.0,0.0,3.357684292959504e-05,4.924603629673939e-05,0.5694448318695552,0.43047234525121847
mlp,random_access,cpu.mshrs,64,/workspace/traces/random_access.trace,3.5,4,0,64,32,64,8,4,512.0,64.0,8.0,12.0,180,50,10000000,4188563,2.387453645,0.4188563,0.001196732286,1000000,0,1000000,4075,995925,0.004075,0,0,995925.0,61021.0,934904.0,0.06127067801,0.0,0.0,934904,0,59833856,0,83296299,267.530119,63.86768422,49.99769515,0.999953903,2500000,0,0,196,530195,1158172,1688563,0.4031365888,DRAM bandwidth,"DRAM is delivering 99% of its configured bandwidth, so requests are queueing behind the bus.",Increase memory.bandwidth_gbps; Reduce DRAM traffic by improving locality (blocking/tiling); Increase last-level cache capacity to filter traffic,2000000,0.156876429,12748887.85,0.0,0.0,4.679409143422219e-05,0.12658159851003792,0.2765081962477346,0.5968634111507932
mlp,pointer_chase,cpu.mshrs,1,/workspace/traces/pointer_chase.trace,3.5,4,0,1,32,64,8,4,512.0,64.0,8.0,12.0,180,50,3000000,186299824,0.01610307479,62.09994133,0.05322852114,1000000,1000000,1000000,3638,996362,0.003638,0,0,996362.0,54176.0,942186.0,0.05437381193,0.0,0.0,942186,0,60299904,0,0,185.549824,0.9958961207,1.132849508,0.02265699016,750000,14552,866816,184668456,0,0,185549824,0.9959742313,DRAM latency,"Waiting for DRAM costs 99% of cycles and the bus is not saturated, so the exposed latency is the problem.",Increase l2.size_kb to keep the working set on chip; Reduce memory.latency_cycles; Increase cpu.mshrs if the misses are independent,2000000,0.117813354,16976004.27,7.811064813458976e-05,0.00465280096024138,0.9912433196930985,0.0,0.0,0.004025768698525448
mlp,pointer_chase,cpu.mshrs,2,/workspace/traces/pointer_chase.trace,3.5,4,0,2,32,64,8,4,512.0,64.0,8.0,12.0,180,50,3000000,186299824,0.01610307479,62.09994133,0.05322852114,1000000,1000000,1000000,3638,996362,0.003638,0,0,996362.0,54176.0,942186.0,0.05437381193,0.0,0.0,942186,0,60299904,0,0,185.549824,0.9958961207,1.132849508,0.02265699016,750000,14552,866816,184668456,0,0,185549824,0.9959742313,DRAM latency,"Waiting for DRAM costs 99% of cycles and the bus is not saturated, so the exposed latency is the problem.",Increase l2.size_kb to keep the working set on chip; Reduce memory.latency_cycles; Increase cpu.mshrs if the misses are independent,2000000,0.120650825,16576761.91,7.811064813458976e-05,0.00465280096024138,0.9912433196930985,0.0,0.0,0.004025768698525448
mlp,pointer_chase,cpu.mshrs,4,/workspace/traces/pointer_chase.trace,3.5,4,0,4,32,64,8,4,512.0,64.0,8.0,12.0,180,50,3000000,186299824,0.01610307479,62.09994133,0.05322852114,1000000,1000000,1000000,3638,996362,0.003638,0,0,996362.0,54176.0,942186.0,0.05437381193,0.0,0.0,942186,0,60299904,0,0,185.549824,0.9958961207,1.132849508,0.02265699016,750000,14552,866816,184668456,0,0,185549824,0.9959742313,DRAM latency,"Waiting for DRAM costs 99% of cycles and the bus is not saturated, so the exposed latency is the problem.",Increase l2.size_kb to keep the working set on chip; Reduce memory.latency_cycles; Increase cpu.mshrs if the misses are independent,2000000,0.119774521,16698042.15,7.811064813458976e-05,0.00465280096024138,0.9912433196930985,0.0,0.0,0.004025768698525448
mlp,pointer_chase,cpu.mshrs,8,/workspace/traces/pointer_chase.trace,3.5,4,0,8,32,64,8,4,512.0,64.0,8.0,12.0,180,50,3000000,186299824,0.01610307479,62.09994133,0.05322852114,1000000,1000000,1000000,3638,996362,0.003638,0,0,996362.0,54176.0,942186.0,0.05437381193,0.0,0.0,942186,0,60299904,0,0,185.549824,0.9958961207,1.132849508,0.02265699016,750000,14552,866816,184668456,0,0,185549824,0.9959742313,DRAM latency,"Waiting for DRAM costs 99% of cycles and the bus is not saturated, so the exposed latency is the problem.",Increase l2.size_kb to keep the working set on chip; Reduce memory.latency_cycles; Increase cpu.mshrs if the misses are independent,2000000,0.123070925,16250791.97,7.811064813458976e-05,0.00465280096024138,0.9912433196930985,0.0,0.0,0.004025768698525448
mlp,pointer_chase,cpu.mshrs,16,/workspace/traces/pointer_chase.trace,3.5,4,0,16,32,64,8,4,512.0,64.0,8.0,12.0,180,50,3000000,186299824,0.01610307479,62.09994133,0.05322852114,1000000,1000000,1000000,3638,996362,0.003638,0,0,996362.0,54176.0,942186.0,0.05437381193,0.0,0.0,942186,0,60299904,0,0,185.549824,0.9958961207,1.132849508,0.02265699016,750000,14552,866816,184668456,0,0,185549824,0.9959742313,DRAM latency,"Waiting for DRAM costs 99% of cycles and the bus is not saturated, so the exposed latency is the problem.",Increase l2.size_kb to keep the working set on chip; Reduce memory.latency_cycles; Increase cpu.mshrs if the misses are independent,2000000,0.125336505,15957043.0,7.811064813458976e-05,0.00465280096024138,0.9912433196930985,0.0,0.0,0.004025768698525448
mlp,pointer_chase,cpu.mshrs,32,/workspace/traces/pointer_chase.trace,3.5,4,0,32,32,64,8,4,512.0,64.0,8.0,12.0,180,50,3000000,186299824,0.01610307479,62.09994133,0.05322852114,1000000,1000000,1000000,3638,996362,0.003638,0,0,996362.0,54176.0,942186.0,0.05437381193,0.0,0.0,942186,0,60299904,0,0,185.549824,0.9958961207,1.132849508,0.02265699016,750000,14552,866816,184668456,0,0,185549824,0.9959742313,DRAM latency,"Waiting for DRAM costs 99% of cycles and the bus is not saturated, so the exposed latency is the problem.",Increase l2.size_kb to keep the working set on chip; Reduce memory.latency_cycles; Increase cpu.mshrs if the misses are independent,2000000,0.131492102,15210039.0,7.811064813458976e-05,0.00465280096024138,0.9912433196930985,0.0,0.0,0.004025768698525448
mlp,pointer_chase,cpu.mshrs,64,/workspace/traces/pointer_chase.trace,3.5,4,0,64,32,64,8,4,512.0,64.0,8.0,12.0,180,50,3000000,186299824,0.01610307479,62.09994133,0.05322852114,1000000,1000000,1000000,3638,996362,0.003638,0,0,996362.0,54176.0,942186.0,0.05437381193,0.0,0.0,942186,0,60299904,0,0,185.549824,0.9958961207,1.132849508,0.02265699016,750000,14552,866816,184668456,0,0,185549824,0.9959742313,DRAM latency,"Waiting for DRAM costs 99% of cycles and the bus is not saturated, so the exposed latency is the problem.",Increase l2.size_kb to keep the working set on chip; Reduce memory.latency_cycles; Increase cpu.mshrs if the misses are independent,2000000,0.152005343,13157432.24,7.811064813458976e-05,0.00465280096024138,0.9912433196930985,0.0,0.0,0.004025768698525448
mlp,strided,cpu.mshrs,1,/workspace/traces/strided.trace,3.5,4,0,1,32,64,8,4,512.0,64.0,8.0,12.0,180,50,6999888,10686807,0.6550027525,1.526711142,0.003053373429,999984,0,999984,332333,667651,0.3323383174,0,0,667651.0,667627.0,24.0,0.9999640531,0.0,0.0,24,0,1536,0,2,12.01626226,0.9999935434,0.0005030501627,1.006100325e-05,1749972,0,14,0,2,8936819,8936835,0.8362493119,Memory-level parallelism,Waiting for a free MSHR costs 83% of cycles: the misses are independent but too few can be in flight at once.,Increase cpu.mshrs; Reduce memory.latency_cycles to shorten MSHR occupancy; Improve locality so fewer misses need to be tracked,1999968,0.066744856,29964376.58,0.0,1.3100264653417995e-06,0.0,1.8714663790597136e-07,0.8362478147121025,0.16375068811479426
mlp,strided,cpu.mshrs,2,/workspace/traces/strided.trace,3.5,4,0,2,32,64,8,4,512.0,64.0,8.0,12.0,180,50,6999888,5352848,1.307694147,0.7647048067,0.001529385143,999984,0,999984,332333,667651,0.3323383174,0,0,667651.0,667627.0,24.0,0.9999640531,0.0,0.0,24,0,1536,0,14,12.01627426,1.996460576,0.001004325174,2.008650348e-05,1749972,0,14,0,6,3602856,3602876,0.6730764632,Memory-level parallelism,Waiting for a free MSHR costs 67% of cycles: the misses are independent but too few can be in flight at once.,Increase cpu.mshrs; Reduce memory.latency_cycles to shorten MSHR occupancy; Improve locality so fewer misses need to be tracked,1999968,0.06895617,29003466.98,0.0,2.615430141113665e-06,0.0,1.1208986319058566e-06,0.673072726892301,0.3269235367789259
mlp,strided,cpu.mshrs,4,/workspace/traces/strided.trace,3.5,4,0,4,32,64,8,4,512.0,64.0,8.0,12.0,180,50,6999888,2768892,2.528046598,0.395562329,0.000791112,999984,0,999984,332333,667651,0.3323383174,0,0,667651.0,667627.0,24.0,0.9999640531,0.0,0.0,24,0,1536,0,36,12.01629626,3.859584267,0.001941570852,3.883141704e-05,1749972,0,14,0,1,1018905,1018920,0.3679883506,Memory-level parallelism,Waiting for a free MSHR costs 36% of cycles: the misses are independent but too few can be in flight at once.,Increase cpu.mshrs; Reduce memory.latency_cycles to shorten MSHR occupancy; Improve locality so fewer misses need to be tracked,1999968,0.072315817,27656024.41,0.0,5.056174094186411e-06,0.0,3.611552924418865e-07,0.36798293324550035,0.632011649425113
mlp,strided,cpu.mshrs,8,/workspace/traces/strided.trace,3.5,4,0,8,32,64,8,4,512.0,64.0,8.0,12.0,180,50,6999888,1777063,3.939020733,0.2538702048,0.0005077322857,999984,0,999984,332333,667651,0.3323383174,0,0,667651.0,667627.0,24.0,0.9999640531,0.0,0.0,24,0,1536,0,98,12.01635826,6.013762033,0.003025216326,6.050432652e-05,1749972,0,14,0,0,27077,27091,0.01524481687,Compute,Memory stalls account for only 1% of cycles; the machine is limited by instruction issue.,Increase cpu.issue_width; Reduce the instruction count (vectorise the inner loop),1999968,0.073652575,27154081.17,0.0,7.878167515726793e-06,0.0,0.0,0.015236938701666739,0.9847551831308176
mlp,strided,cpu.mshrs,16,/workspace/traces/strided.trace,3.5,4,0,16,32,64,8,4,512.0,64.0,8.0,12.0,180,50,6999888,1750150,3.999593178,0.250025429,0.0005000428571,999984,0,999984,332333,667651,0.3323383174,0,0,667651.0,667627.0,24.0,0.9999640531,0.0,0.0,24,0,1536,0,269,12.01652926,6.1063366,0.003071736708,6.143473417e-05,1749972,0,14,0,0,164,178,0.0001017055681,Compute,Memory stalls account for only 0% of cycles; the machine is limited by instruction issue.,Increase cpu.issue_width; Reduce the instruction count (vectorise the inner loop),1999968,0.076252553,26228210.35,0.0,7.999314344484759e-06,0.0,0.0,9.37062537496786e-05,0.9998982944319058
mlp,strided,cpu.mshrs,32,/workspace/traces/strided.trace,3.5,4,0,32,32,64,8,4,512.0,64.0,8.0,12.0,180,50,6999888,1749986,3.999968,0.250002,0.000499996,999984,0,999984,332333,667651,0.3323383174,0,0,667651.0,667627.0,24.0,0.9999640531,0.0,0.0,24,0,1536,0,317,12.01657727,6.106936284,0.003072024576,6.144049152e-05,1749972,0,14,0,0,0,14,8.000064001e-06,Compute,Memory stalls account for only 0% of cycles; the machine is limited by instruction issue.,Increase cpu.issue_width; Reduce the instruction count (vectorise the inner loop),1999968,0.082608284,24210259.59,0.0,8.000064000512004e-06,0.0,0.0,0.0,0.9999919999359995
mlp,strided,cpu.mshrs,64,/workspace/traces/strided.trace,3.5,4,0,64,32,64,8,4,512.0,64.0,8.0,12.0,180,50,6999888,1749986,3.999968,0.250002,0.000499996,999984,0,999984,332333,667651,0.3323383174,0,0,667651.0,667627.0,24.0,0.9999640531,0.0,0.0,24,0,1536,0,317,12.01657727,6.106936284,0.003072024576,6.144049152e-05,1749972,0,14,0,0,0,14,8.000064001e-06,Compute,Memory stalls account for only 0% of cycles; the machine is limited by instruction issue.,Increase cpu.issue_width; Reduce the instruction count (vectorise the inner loop),1999968,0.091208729,21927374.96,0.0,8.000064000512004e-06,0.0,0.0,0.0,0.9999919999359995
mlp,matrix_naive,cpu.mshrs,1,/workspace/traces/matrix_naive.trace,3.5,4,0,1,32,64,8,4,512.0,64.0,8.0,12.0,180,50,35463168,118310020,0.2997477982,3.336137933,0.03380286286,14229504,0,14229504,6990648,7238856,0.491278403,36856,0,7238856.0,7225032.0,13824.0,0.998090306,2896.0,36856.0,13824,2896,884736,185344,57924,10.27952991,1.0,0.0316564903,0.0006331298059,8865792,0,16,0,4,109444208,109444228,0.9250630504,Memory-level parallelism,Waiting for a free MSHR costs 92% of cycles: the misses are independent but too few can be in flight at once.,Increase cpu.mshrs; Reduce memory.latency_cycles to shorten MSHR occupancy; Improve locality so fewer misses need to be tracked,21307392,0.834747828,25525543.51,0.0,1.3523791137893478e-07,0.0,3.3809477844733695e-08,0.9250628814026065,0.07493694955000431
mlp,matrix_naive,cpu.mshrs,2,/workspace/traces/matrix_naive.trace,3.5,4,0,2,32,64,8,4,512.0,64.0,8.0,12.0,180,50,35463168,59155271,0.5994929514,1.668076326,0.016901506,14229504,0,14229504,6990648,7238856,0.491278403,36856,0,7238856.0,7225032.0,13824.0,0.998090306,2896.0,36856.0,13824,2896,884736,185344,58456,10.27955788,1.999997904,0.06331270125,0.001266254025,8865792,0,16,0,5,50289458,50289479,0.8501267622,Memory-level parallelism,Waiting for a free MSHR costs 85% of cycles: the misses are independent but too few can be in flight at once.,Increase cpu.mshrs; Reduce memory.latency_cycles to shorten MSHR occupancy; Improve locality so fewer misses need to be tracked,21307392,0.868717616,24527408.69,0.0,2.704746293867879e-07,0.0,8.452332168337121e-08,0.8501264071632771,0.1498732378387718
mlp,matrix_naive,cpu.mshrs,4,/workspace/traces/matrix_naive.trace,3.5,4,0,4,32,64,8,4,512.0,64.0,8.0,12.0,180,50,35463168,29580510,1.198869391,0.8341192191,0.008451574286,14229504,0,14229504,6990648,7238856,0.491278403,36856,0,7238856.0,7225032.0,13824.0,0.998090306,2896.0,36856.0,13824,2896,884736,185344,61781,10.27976218,3.99970538,0.1266130976,0.002532261952,8865792,0,16,0,399,20714303,20714718,0.7002826523,Memory-level parallelism,Waiting for a free MSHR costs 70% of cycles: the misses are independent but too few can be in flight at once.,Increase cpu.mshrs; Reduce memory.latency_cycles to shorten MSHR occupancy; Improve locality so fewer misses need to be tracked,21307392,0.903050412,23594908.67,0.0,5.40896691774415e-07,0.0,1.3488611251124474e-05,0.7002686228195525,0.29971734767250463
mlp,matrix_naive,cpu.mshrs,8,/workspace/traces/matrix_naive.trace,3.5,4,0,8,32,64,8,4,512.0,64.0,8.0,12.0,180,50,35463168,14797160,2.396619892,0.4172543186,0.00422776,14229504,0,14229504,6990648,7238856,0.491278403,36856,0,7238856.0,7225032.0,13824.0,0.998090306,2896.0,36856.0,13824,2896,884736,185344,67362,10.28015439,7.996055054,0.2531080288,0.005062160577,8865792,0,16,0,397,5930955,5931368,0.400845027,Memory-level parallelism,Waiting for a free MSHR costs 40% of cycles: the misses are independent but too few can be in flight at once.,Increase cpu.mshrs; Reduce memory.latency_cycles to shorten MSHR occupancy; Improve locality so fewer misses need to be tracked,21307392,0.936397582,22754642.27,0.0,1.0812885715907647e-06,0.0,2.682947268259585e-05,0.400817116257444,0.5991549729813018
mlp,matrix_naive,cpu.mshrs,16,/workspace/traces/matrix_naive.trace,3.5,4,0,16,32,64,8,4,512.0,64.0,8.0,12.0,180,50,35463168,8964365,3.956015624,0.2527795881,0.002561247143,14229504,0,14229504,6990648,7238856,0.491278403,36856,0,7238856.0,7225032.0,13824.0,0.998090306,2896.0,36856.0,13824,2896,884736,185344,80086,10.28098042,13.20011624,0.4177964641,0.008355929282,8865792,0,16,0,219,98338,98573,0.01099609398,Compute,Memory stalls account for only 1% of cycles; the machine is limited by instruction issue.,Increase cpu.issue_width; Reduce the instruction count (vectorise the inner loop),21307392,0.987646686,21573901.18,0.0,1.7848447714924594e-06,0.0,2.4430062809803038e-05,0.010969879071189091,0.9890039060212296
mlp,matrix_naive,cpu.mshrs,32,/workspace/traces/matrix_naive.trace,3.5,4,0,32,32,64,8,4,512.0,64.0,8.0,12.0,180,50,35463168,8890580,3.988847522,0.2506989787,0.002540165714,14229504,0,14229504,6990648,7238856,0.491278403,36856,0,7238856.0,7225032.0,13824.0,0.998090306,2896.0,36856.0,13824,2896,884736,185344,113710,10.28329027,13.31336403,0.4212638546,0.008425277091,8865792,0,16,0,512,24260,24788,0.00278811956,Compute,Memory stalls account for only 0% of cycles; the machine is limited by instruction issue.,Increase cpu.issue_width; Reduce the instruction count (vectorise the inner loop),21307392,1.044653063,20396620.42,0.0,1.7996576151387198e-06,0.0,5.7589043684439035e-05,0.002728730858954084,0.9972118804397463
mlp,matrix_naive,cpu.mshrs,64,/workspace/traces/matrix_naive.trace,3.5,4,0,64,32,64,8,4,512.0,64.0,8.0,12.0,180,50,35463168,8879330,3.993901342,0.2503817482,0.002536951429,14229504,0,14229504,6990648,7238856,0.491278403,36856,0,7238856.0,7225032.0,13824.0,0.998090306,2896.0,36856.0,13824,2896,884736,185344,507687,10.3109776,13.37460203,0.4217975906,0.008435951812,8865792,0,16,0,3430,10092,13538,0.001524664586,Compute,Memory stalls account for only 0% of cycles; the machine is limited by instruction issue.,Increase cpu.issue_width; Reduce the instruction count (vectorise the inner loop),21307392,1.141938148,18658972.06,0.0,1.8019377588173883e-06,0.0,0.0003862904070464776,0.0011365722413740676,0.9984753354138206
mlp,matrix_blocked,cpu.mshrs,1,/workspace/traces/matrix_blocked.trace,3.5,4,0,1,32,64,8,4,512.0,64.0,8.0,12.0,180,50,35831808,11647495,3.076353156,0.3250602091,0.003327855714,14598144,0,14598144,14515740,82404,0.9943551728,27044,0,82404.0,66396.0,16008.0,0.8057375856,2984.0,27044.0,16008,2984,1024512,190976,61114,4.26521118,0.360696184,0.3652466045,0.007304932091,8957952,0,0,0,1303,2688240,2689543,0.2309117111,Compute,Memory stalls account for only 23% of cycles; the machine is limited by instruction issue.,Increase cpu.issue_width; Reduce the instruction count (vectorise the inner loop),21676032,0.520048108,41680820.81,0.0,0.0,0.0,0.00011186954791566771,0.23079984151098584,0.7690882889410985
mlp,matrix_blocked,cpu.mshrs,2,/workspace/traces/matrix_blocked.trace,3.5,4,0,2,32,64,8,4,512.0,64.0,8.0,12.0,180,50,35831808,10038586,3.569407883,0.2801585117,0.002868167429,14598144,0,14598144,14515740,82404,0.9943551728,27044,0,82404.0,66396.0,16008.0,0.8057375856,2984.0,27044.0,16008,2984,1024512,190976,66407,4.265514644,0.4189471505,0.423785581,0.008475711619,8957952,0,0,0,589,1080045,1080634,0.1076480293,Compute,Memory stalls account for only 10% of cycles; the machine is limited by instruction issue.,Increase cpu.issue_width; Reduce the instruction count (vectorise the inner loop),21676032,0.522028238,41522719.31,0.0,0.0,0.0,5.8673602039171654e-05,0.10758935571204949,0.8923519706859113
mlp,matrix_blocked,cpu.mshrs,4,/workspace/traces/matrix_blocked.trace,3.5,4,0,4,32,64,8,4,512.0,64.0,8.0,12.0,180,50,35831808,9356954,3.829430817,0.2611354135,0.002673415429,14598144,0,14598144,14515740,82404,0.9943551728,27044,0,82404.0,66396.0,16008.0,0.8057375856,2984.0,27044.0,16008,2984,1024512,190976,78224,4.266152464,0.4504615498,0.4546573596,0.009093147193,8957952,0,0,0,1086,397916,399002,0.04264229577,Compute,Memory stalls account for only 4% of cycles; the machine is limited by instruction issue.,Increase cpu.issue_width; Reduce the instruction count (vectorise the inner loop),21676032,0.523413864,41412796.82,0.0,0.0,0.0,0.00011606341123404048,0.042526232361514225,0.9573577042272517
mlp,matrix_blocked,cpu.mshrs,8,/workspace/traces/matrix_blocked.trace,3.5,4,0,8,32,64,8,4,512.0,64.0,8.0,12.0,180,50,35831808,9109824,3.933315067,0.2542384688,0.002602806857,14598144,0,14598144,14515740,82404,0.9943551728,27044,0,82404.0,66396.0,16008.0,0.8057375856,2984.0,27044.0,16008,2984,1024512,190976,110589,4.267917963,0.4655107497,0.4669912393,0.009339824787,8957952,0,0,0,383,151489,151872,0.01667123317,Compute,Memory stalls account for only 1% of cycles; the machine is limited by instruction issue.,Increase cpu.issue_width; Reduce the instruction count (vectorise the inner loop),21676032,0.518419419,41811767.09,0.0,0.0,0.0,4.204252464152985e-05,0.016629190640785156,0.9833287668345733
mlp,matrix_blocked,cpu.mshrs,16,/workspace/traces/matrix_blocked.trace,3.5,4,0,16,32,64,8,4,512.0,64.0,8.0,12.0,180,50,35831808,9008983,3.977342171,0.2514241816,0.002573995143,14598144,0,14598144,14515740,82404,0.9943551728,27044,0,82404.0,66396.0,16008.0,0.8057375856,2984.0,27044.0,16008,2984,1024512,190976,200647,4.273249257,0.4793602119,0.4722184513,0.009444369026,8957952,0,0,0,653,50378,51031,0.005664457353,Compute,Memory stalls account for only 0% of cycles; the machine is limited by instruction issue.,Increase cpu.issue_width; Reduce the instruction count (vectorise the inner loop),21676032,0.528928072,40981058.01,0.0,0.0,0.0,7.248320925902514e-05,0.005591974144029354,0.9943355426467116
mlp,matrix_blocked,cpu.mshrs,32,/workspace/traces/matrix_blocked.trace,3.5,4,0,32,32,64,8,4,512.0,64.0,8.0,12.0,180,50,35831808,8962883,3.997799369,0.2501376152,0.002560823714,14598144,0,14598144,14515740,82404,0.9943551728,27044,0,82404.0,66396.0,16008.0,0.8057375856,2984.0,27044.0,16008,2984,1024512,190976,398812,4.286334687,0.5031384433,0.4746472759,0.009492945518,8957952,0,0,0,0,4931,4931,0.0005501578008,Compute,Memory stalls account for only 0% of cycles; the machine is limited by instruction issue.,Increase cpu.issue_width; Reduce the instruction count (vectorise the inner loop),21676032,0.522749186,41465453.38,0.0,0.0,0.0,0.0,0.000550157800787983,0.9994498421992121
mlp,matrix_blocked,cpu.mshrs,64,/workspace/traces/matrix_blocked.trace,3.5,4,0,64,32,64,8,4,512.0,64.0,8.0,12.0,180,50,35831808,8957952,4.0,0.25,0.002559414857,14598144,0,14598144,14515740,82404,0.9943551728,27044,0,82404.0,66396.0,16008.0,0.8057375856,2984.0,27044.0,16008,2984,1024512,190976,401025,4.286486282,0.5036624443,0.4749085505,0.009498171011,8957952,0,0,0,0,0,0,0.0,Compute,Memory stalls account for only 0% of cycles; the machine is limited by instruction issue.,Increase cpu.issue_width; Reduce the instruction count (vectorise the inner loop),21676032,0.522602694,41477076.66,0.0,0.0,0.0,0.0,0.0,1.0
